Feature,Coefficient,Compartment,Feature_Type,Measurement,Channel,Rank
Cells_Correlation_Correlation_Actin_Mitochondria,0.49630947780381596,Cells,Correlation,Correlation,Actin,1
Nuclei_Intensity_MinIntensityEdge_Hoechst,0.373480466314726,Nuclei,Intensity,MinIntensityEdge,Hoechst,2
Cells_Intensity_MeanIntensityEdge_Mitochondria,0.3627829240408521,Cells,Intensity,MeanIntensityEdge,Mitochondria,3
Nuclei_Intensity_MeanIntensityEdge_Hoechst,0.31778310192877257,Nuclei,Intensity,MeanIntensityEdge,Hoechst,4
Cytoplasm_Intensity_StdIntensityEdge_Hoechst,0.27726314429393384,Cytoplasm,Intensity,StdIntensityEdge,Hoechst,5
Cells_AreaShape_ConvexArea,0.26808542701891885,Cells,AreaShape,ConvexArea,,6
Cytoplasm_Intensity_LowerQuartileIntensity_Mitochondria,0.2602367675135067,Cytoplasm,Intensity,LowerQuartileIntensity,Mitochondria,7
Cells_Neighbors_PercentTouching_Adjacent,0.24723835079334158,Cells,Neighbors,PercentTouching,Adjacent,8
Cytoplasm_Texture_InverseDifferenceMoment_Actin_3_02_256,0.24571806878110902,Cytoplasm,Texture,InverseDifferenceMoment,Actin,9
Cytoplasm_AreaShape_MajorAxisLength,0.232180308211974,Cytoplasm,AreaShape,MajorAxisLength,,10
Cytoplasm_Texture_InfoMeas1_Mitochondria_3_01_256,0.22847616031197446,Cytoplasm,Texture,InfoMeas1,Mitochondria,11
Nuclei_Correlation_Correlation_Hoechst_PM,0.21145500620417412,Nuclei,Correlation,Correlation,Hoechst,12
Cells_RadialDistribution_ZernikeMagnitude_Hoechst_9_5,0.20507321682964352,Cells,RadialDistribution,ZernikeMagnitude,Hoechst,13
Cells_RadialDistribution_MeanFrac_Actin_3of4,0.20279971319546342,Cells,RadialDistribution,MeanFrac,Actin,14
Cytoplasm_Correlation_Correlation_Actin_ER,0.20206508274887983,Cytoplasm,Correlation,Correlation,Actin,15
Cytoplasm_RadialDistribution_ZernikeMagnitude_Actin_2_0,0.2012125316647347,Cytoplasm,RadialDistribution,ZernikeMagnitude,Actin,16
Cytoplasm_RadialDistribution_RadialCV_Actin_1of4,0.1808990371210926,Cytoplasm,RadialDistribution,RadialCV,Actin,17
Cells_Texture_DifferenceVariance_Actin_3_03_256,0.17997633012664932,Cells,Texture,DifferenceVariance,Actin,18
Cytoplasm_Texture_SumVariance_Actin_3_03_256,0.17791551771913514,Cytoplasm,Texture,SumVariance,Actin,19
Cytoplasm_Texture_InverseDifferenceMoment_Actin_3_00_256,0.16957723151170914,Cytoplasm,Texture,InverseDifferenceMoment,Actin,20
Nuclei_Correlation_RWC_ER_Actin,0.16941522580066368,Nuclei,Correlation,RWC,ER,21
Cytoplasm_RadialDistribution_ZernikeMagnitude_Actin_8_2,0.16759234500979425,Cytoplasm,RadialDistribution,ZernikeMagnitude,Actin,22
Cytoplasm_Texture_InfoMeas2_Hoechst_3_00_256,0.16660101896956114,Cytoplasm,Texture,InfoMeas2,Hoechst,23
Nuclei_Texture_Contrast_Mitochondria_3_03_256,0.1665449374826422,Nuclei,Texture,Contrast,Mitochondria,24
Nuclei_RadialDistribution_ZernikeMagnitude_ER_8_0,0.165654197352053,Nuclei,RadialDistribution,ZernikeMagnitude,ER,25
Cytoplasm_Intensity_LowerQuartileIntensity_ER,0.16546513489258557,Cytoplasm,Intensity,LowerQuartileIntensity,ER,26
Nuclei_Correlation_K_Actin_PM,0.15516724383752636,Nuclei,Correlation,K,Actin,27
Cytoplasm_Intensity_MaxIntensity_ER,0.15423760012270038,Cytoplasm,Intensity,MaxIntensity,ER,28
Nuclei_Intensity_MinIntensity_PM,0.1509187096579042,Nuclei,Intensity,MinIntensity,PM,29
Nuclei_Intensity_LowerQuartileIntensity_PM,0.15053611717230314,Nuclei,Intensity,LowerQuartileIntensity,PM,30
Nuclei_Intensity_MassDisplacement_ER,0.14838522166388013,Nuclei,Intensity,MassDisplacement,ER,31
Nuclei_RadialDistribution_ZernikeMagnitude_Actin_7_1,0.14464992558113346,Nuclei,RadialDistribution,ZernikeMagnitude,Actin,32
Cytoplasm_Intensity_LowerQuartileIntensity_PM,0.1422481170407396,Cytoplasm,Intensity,LowerQuartileIntensity,PM,33
Cells_RadialDistribution_RadialCV_Actin_4of4,0.1377977097365086,Cells,RadialDistribution,RadialCV,Actin,34
Cytoplasm_Intensity_LowerQuartileIntensity_Hoechst,0.13095393209389056,Cytoplasm,Intensity,LowerQuartileIntensity,Hoechst,35
Cytoplasm_Intensity_IntegratedIntensity_ER,0.12748793959901816,Cytoplasm,Intensity,IntegratedIntensity,ER,36
Nuclei_RadialDistribution_ZernikeMagnitude_PM_9_1,0.12344753879506037,Nuclei,RadialDistribution,ZernikeMagnitude,PM,37
Cytoplasm_Granularity_2_Actin,0.12199623576995751,Cytoplasm,Granularity,2,Actin,38
Nuclei_RadialDistribution_ZernikeMagnitude_Actin_7_3,0.11832256147510702,Nuclei,RadialDistribution,ZernikeMagnitude,Actin,39
Nuclei_RadialDistribution_ZernikeMagnitude_Hoechst_8_8,0.11829340318748734,Nuclei,RadialDistribution,ZernikeMagnitude,Hoechst,40
Cytoplasm_Granularity_2_Mitochondria,0.11150631945043575,Cytoplasm,Granularity,2,Mitochondria,41
Cells_Texture_Correlation_Hoechst_3_02_256,0.11096866781331509,Cells,Texture,Correlation,Hoechst,42
Nuclei_Intensity_LowerQuartileIntensity_Hoechst,0.107398741938354,Nuclei,Intensity,LowerQuartileIntensity,Hoechst,43
Cytoplasm_Texture_InfoMeas2_Hoechst_3_02_256,0.1049183639190114,Cytoplasm,Texture,InfoMeas2,Hoechst,44
Cytoplasm_Texture_SumEntropy_Hoechst_3_02_256,0.10384212271580916,Cytoplasm,Texture,SumEntropy,Hoechst,45
Nuclei_Granularity_1_Hoechst,0.10284688766966436,Nuclei,Granularity,1,Hoechst,46
Cytoplasm_RadialDistribution_ZernikeMagnitude_Actin_8_0,0.10244797769064477,Cytoplasm,RadialDistribution,ZernikeMagnitude,Actin,47
Cytoplasm_Correlation_RWC_Actin_Mitochondria,0.09717507420876842,Cytoplasm,Correlation,RWC,Actin,48
Cells_RadialDistribution_ZernikeMagnitude_Actin_9_9,0.09402656161415882,Cells,RadialDistribution,ZernikeMagnitude,Actin,49
Cells_RadialDistribution_ZernikeMagnitude_Mitochondria_8_8,0.092256518705638,Cells,RadialDistribution,ZernikeMagnitude,Mitochondria,50
Cytoplasm_Texture_InverseDifferenceMoment_ER_3_03_256,0.0906036499348667,Cytoplasm,Texture,InverseDifferenceMoment,ER,51
Nuclei_RadialDistribution_ZernikeMagnitude_ER_6_4,0.090256232817219,Nuclei,RadialDistribution,ZernikeMagnitude,ER,52
Nuclei_Correlation_K_Hoechst_PM,0.08890918395148212,Nuclei,Correlation,K,Hoechst,53
Nuclei_RadialDistribution_ZernikeMagnitude_PM_2_2,0.08773989356836054,Nuclei,RadialDistribution,ZernikeMagnitude,PM,54
Nuclei_RadialDistribution_ZernikeMagnitude_Hoechst_9_7,0.08595867698486193,Nuclei,RadialDistribution,ZernikeMagnitude,Hoechst,55
Nuclei_Intensity_MinIntensityEdge_ER,0.08443420203187024,Nuclei,Intensity,MinIntensityEdge,ER,56
Nuclei_Correlation_Overlap_ER_PM,0.08227803567485681,Nuclei,Correlation,Overlap,ER,57
Cells_Intensity_IntegratedIntensityEdge_Mitochondria,0.08153230924245138,Cells,Intensity,IntegratedIntensityEdge,Mitochondria,58
Cells_Correlation_RWC_PM_Mitochondria,0.0802346745780521,Cells,Correlation,RWC,PM,59
Cytoplasm_AreaShape_Orientation,0.07889713205045894,Cytoplasm,AreaShape,Orientation,,60
Cytoplasm_RadialDistribution_ZernikeMagnitude_PM_4_0,0.07482325595528268,Cytoplasm,RadialDistribution,ZernikeMagnitude,PM,61
Cytoplasm_AreaShape_Zernike_7_3,0.07459097218997154,Cytoplasm,AreaShape,Zernike,7,62
Nuclei_RadialDistribution_RadialCV_PM_1of4,0.07330601697273542,Nuclei,RadialDistribution,RadialCV,PM,63
Nuclei_RadialDistribution_ZernikeMagnitude_Hoechst_7_7,0.07278083822809533,Nuclei,RadialDistribution,ZernikeMagnitude,Hoechst,64
Nuclei_Texture_InfoMeas1_PM_3_01_256,0.07144160291742162,Nuclei,Texture,InfoMeas1,PM,65
Nuclei_RadialDistribution_ZernikeMagnitude_Actin_8_0,0.07076699885925093,Nuclei,RadialDistribution,ZernikeMagnitude,Actin,66
Nuclei_Texture_InfoMeas1_PM_3_02_256,0.06963366617695885,Nuclei,Texture,InfoMeas1,PM,67
Cytoplasm_RadialDistribution_ZernikeMagnitude_Actin_4_2,0.06690208841096609,Cytoplasm,RadialDistribution,ZernikeMagnitude,Actin,68
Nuclei_Correlation_Overlap_ER_Hoechst,0.0639917439777066,Nuclei,Correlation,Overlap,ER,69
Nuclei_RadialDistribution_ZernikeMagnitude_Actin_9_7,0.06345772795865928,Nuclei,RadialDistribution,ZernikeMagnitude,Actin,70
Nuclei_RadialDistribution_MeanFrac_ER_3of4,0.06137853652635053,Nuclei,RadialDistribution,MeanFrac,ER,71
Nuclei_AreaShape_Zernike_9_7,0.05977680011794499,Nuclei,AreaShape,Zernike,9,72
Cells_Texture_AngularSecondMoment_PM_3_03_256,0.059475153211060686,Cells,Texture,AngularSecondMoment,PM,73
Nuclei_Correlation_RWC_Mitochondria_Hoechst,0.05927447487113268,Nuclei,Correlation,RWC,Mitochondria,74
Nuclei_RadialDistribution_ZernikeMagnitude_PM_3_3,0.05924843182356755,Nuclei,RadialDistribution,ZernikeMagnitude,PM,75
Cells_RadialDistribution_ZernikeMagnitude_Actin_8_0,0.05876887844794452,Cells,RadialDistribution,ZernikeMagnitude,Actin,76
Nuclei_AreaShape_Orientation,0.05823539125530145,Nuclei,AreaShape,Orientation,,77
Cells_RadialDistribution_FracAtD_Actin_1of4,0.05754773350057223,Cells,RadialDistribution,FracAtD,Actin,78
Cytoplasm_RadialDistribution_RadialCV_Hoechst_1of4,0.05480386535573789,Cytoplasm,RadialDistribution,RadialCV,Hoechst,79
Nuclei_Correlation_RWC_PM_Mitochondria,0.05299201276989459,Nuclei,Correlation,RWC,PM,80
Nuclei_RadialDistribution_ZernikeMagnitude_ER_9_1,0.05250214932889695,Nuclei,RadialDistribution,ZernikeMagnitude,ER,81
Nuclei_RadialDistribution_ZernikeMagnitude_PM_8_6,0.05244344108256305,Nuclei,RadialDistribution,ZernikeMagnitude,PM,82
Nuclei_Texture_InfoMeas1_PM_3_03_256,0.05225389042140198,Nuclei,Texture,InfoMeas1,PM,83
Nuclei_RadialDistribution_ZernikeMagnitude_Actin_8_6,0.04943866009616277,Nuclei,RadialDistribution,ZernikeMagnitude,Actin,84
Nuclei_AreaShape_Zernike_8_0,0.04836067387430618,Nuclei,AreaShape,Zernike,8,85
Cytoplasm_Intensity_MedianIntensity_ER,0.0483261297662082,Cytoplasm,Intensity,MedianIntensity,ER,86
Cells_RadialDistribution_ZernikeMagnitude_Actin_8_4,0.048242328464434235,Cells,RadialDistribution,ZernikeMagnitude,Actin,87
Cytoplasm_RadialDistribution_ZernikeMagnitude_PM_9_5,0.04818670670209631,Cytoplasm,RadialDistribution,ZernikeMagnitude,PM,88
Cytoplasm_RadialDistribution_MeanFrac_PM_3of4,0.04808140966669623,Cytoplasm,RadialDistribution,MeanFrac,PM,89
Nuclei_RadialDistribution_ZernikeMagnitude_PM_1_1,0.04758722425589808,Nuclei,RadialDistribution,ZernikeMagnitude,PM,90
Nuclei_RadialDistribution_ZernikeMagnitude_PM_7_3,0.04549583475275082,Nuclei,RadialDistribution,ZernikeMagnitude,PM,91
Cytoplasm_Intensity_IntegratedIntensity_PM,0.04431850054469032,Cytoplasm,Intensity,IntegratedIntensity,PM,92
Cytoplasm_RadialDistribution_RadialCV_ER_1of4,0.043047400620356766,Cytoplasm,RadialDistribution,RadialCV,ER,93
Cytoplasm_Correlation_Overlap_ER_Mitochondria,0.04224086640929602,Cytoplasm,Correlation,Overlap,ER,94
Cytoplasm_Texture_InfoMeas1_Mitochondria_3_02_256,0.04213200334863486,Cytoplasm,Texture,InfoMeas1,Mitochondria,95
Nuclei_RadialDistribution_ZernikeMagnitude_ER_7_3,0.04155036130198722,Nuclei,RadialDistribution,ZernikeMagnitude,ER,96
Cells_RadialDistribution_MeanFrac_PM_1of4,0.0404132334715316,Cells,RadialDistribution,MeanFrac,PM,97
Cells_AreaShape_Zernike_7_3,0.03865814244074645,Cells,AreaShape,Zernike,7,98
Cytoplasm_RadialDistribution_ZernikeMagnitude_Actin_6_0,0.0386108115038063,Cytoplasm,RadialDistribution,ZernikeMagnitude,Actin,99
Nuclei_Intensity_MinIntensity_Actin,0.03674630255595749,Nuclei,Intensity,MinIntensity,Actin,100
Nuclei_Texture_DifferenceVariance_ER_3_01_256,0.03659391321863818,Nuclei,Texture,DifferenceVariance,ER,101
Nuclei_RadialDistribution_ZernikeMagnitude_Mitochondria_7_3,0.036359783447181944,Nuclei,RadialDistribution,ZernikeMagnitude,Mitochondria,102
Cells_AreaShape_Perimeter,0.03303855344685187,Cells,AreaShape,Perimeter,,103
Cells_RadialDistribution_ZernikeMagnitude_Actin_9_7,0.03296881271029588,Cells,RadialDistribution,ZernikeMagnitude,Actin,104
Cells_AreaShape_Zernike_9_5,0.032788190614183546,Cells,AreaShape,Zernike,9,105
Nuclei_RadialDistribution_ZernikeMagnitude_ER_9_7,0.031203274549334657,Nuclei,RadialDistribution,ZernikeMagnitude,ER,106
Cytoplasm_RadialDistribution_ZernikeMagnitude_Hoechst_1_1,0.03118814778209023,Cytoplasm,RadialDistribution,ZernikeMagnitude,Hoechst,107
Cytoplasm_Correlation_RWC_ER_Mitochondria,0.030869164704235057,Cytoplasm,Correlation,RWC,ER,108
Cytoplasm_Texture_InfoMeas2_Hoechst_3_01_256,0.030310861401964463,Cytoplasm,Texture,InfoMeas2,Hoechst,109
Nuclei_Texture_DifferenceEntropy_PM_3_00_256,0.030280090481103895,Nuclei,Texture,DifferenceEntropy,PM,110
Cytoplasm_Texture_InfoMeas1_Mitochondria_3_03_256,0.030219476805598448,Cytoplasm,Texture,InfoMeas1,Mitochondria,111
Cytoplasm_AreaShape_Zernike_6_2,0.029750202948416855,Cytoplasm,AreaShape,Zernike,6,112
Nuclei_AreaShape_Extent,0.02970917215043436,Nuclei,AreaShape,Extent,,113
Cells_RadialDistribution_FracAtD_Actin_3of4,0.029477554881576773,Cells,RadialDistribution,FracAtD,Actin,114
Cytoplasm_Intensity_IntegratedIntensity_Mitochondria,0.02908557444045616,Cytoplasm,Intensity,IntegratedIntensity,Mitochondria,115
Cytoplasm_RadialDistribution_RadialCV_Actin_4of4,0.027862401051288826,Cytoplasm,RadialDistribution,RadialCV,Actin,116
Nuclei_RadialDistribution_ZernikeMagnitude_Actin_9_9,0.027288544506433993,Nuclei,RadialDistribution,ZernikeMagnitude,Actin,117
Cells_Intensity_MinIntensity_Actin,0.0262975138590601,Cells,Intensity,MinIntensity,Actin,118
Nuclei_RadialDistribution_ZernikeMagnitude_Hoechst_8_0,0.02617795939830095,Nuclei,RadialDistribution,ZernikeMagnitude,Hoechst,119
Nuclei_AreaShape_Zernike_9_9,0.025676262961422863,Nuclei,AreaShape,Zernike,9,120
Cytoplasm_RadialDistribution_ZernikeMagnitude_Actin_9_1,0.02531573373357286,Cytoplasm,RadialDistribution,ZernikeMagnitude,Actin,121
Nuclei_RadialDistribution_MeanFrac_Mitochondria_3of4,0.024830711850441212,Nuclei,RadialDistribution,MeanFrac,Mitochondria,122
Cytoplasm_RadialDistribution_ZernikeMagnitude_Actin_5_1,0.024616205963630258,Cytoplasm,RadialDistribution,ZernikeMagnitude,Actin,123
Nuclei_Texture_Correlation_Hoechst_3_02_256,0.0240150615784466,Nuclei,Texture,Correlation,Hoechst,124
Nuclei_RadialDistribution_RadialCV_Mitochondria_1of4,0.022928863839398076,Nuclei,RadialDistribution,RadialCV,Mitochondria,125
Cells_Texture_Variance_Hoechst_3_00_256,0.022451392944734527,Cells,Texture,Variance,Hoechst,126
Cytoplasm_Correlation_Correlation_Actin_Hoechst,0.02202474611921141,Cytoplasm,Correlation,Correlation,Actin,127
Cytoplasm_Intensity_IntegratedIntensity_Hoechst,0.02120836116871823,Cytoplasm,Intensity,IntegratedIntensity,Hoechst,128
Cells_RadialDistribution_ZernikeMagnitude_Mitochondria_9_9,0.021177732155083333,Cells,RadialDistribution,ZernikeMagnitude,Mitochondria,129
Cells_Texture_Correlation_Hoechst_3_01_256,0.021087135635850254,Cells,Texture,Correlation,Hoechst,130
Nuclei_RadialDistribution_RadialCV_PM_2of4,0.02090927965237953,Nuclei,RadialDistribution,RadialCV,PM,131
Cytoplasm_RadialDistribution_ZernikeMagnitude_ER_9_3,0.020092232838640513,Cytoplasm,RadialDistribution,ZernikeMagnitude,ER,132
Cytoplasm_RadialDistribution_ZernikeMagnitude_Actin_3_1,0.019723471225208972,Cytoplasm,RadialDistribution,ZernikeMagnitude,Actin,133
Nuclei_RadialDistribution_ZernikeMagnitude_Actin_8_4,0.01868474545422512,Nuclei,RadialDistribution,ZernikeMagnitude,Actin,134
Nuclei_RadialDistribution_ZernikeMagnitude_Hoechst_3_3,0.01855954266014994,Nuclei,RadialDistribution,ZernikeMagnitude,Hoechst,135
Nuclei_AreaShape_Zernike_9_3,0.017389010261801525,Nuclei,AreaShape,Zernike,9,136
Cells_RadialDistribution_ZernikeMagnitude_Actin_4_0,0.017298701021893625,Cells,RadialDistribution,ZernikeMagnitude,Actin,137
Nuclei_Texture_AngularSecondMoment_Hoechst_3_01_256,0.01660867032165634,Nuclei,Texture,AngularSecondMoment,Hoechst,138
Cytoplasm_RadialDistribution_MeanFrac_Hoechst_2of4,0.015383265802241333,Cytoplasm,RadialDistribution,MeanFrac,Hoechst,139
Nuclei_RadialDistribution_ZernikeMagnitude_Hoechst_9_5,0.015035818089220896,Nuclei,RadialDistribution,ZernikeMagnitude,Hoechst,140
Cells_RadialDistribution_ZernikeMagnitude_ER_8_0,0.014374648546924041,Cells,RadialDistribution,ZernikeMagnitude,ER,141
Cytoplasm_Texture_InverseDifferenceMoment_PM_3_00_256,0.01429402817791377,Cytoplasm,Texture,InverseDifferenceMoment,PM,142
Cells_RadialDistribution_ZernikeMagnitude_PM_9_5,0.013339575172014116,Cells,RadialDistribution,ZernikeMagnitude,PM,143
Nuclei_RadialDistribution_MeanFrac_Mitochondria_1of4,0.013258614802899915,Nuclei,RadialDistribution,MeanFrac,Mitochondria,144
Cells_Texture_InfoMeas2_Hoechst_3_02_256,0.012532029830442595,Cells,Texture,InfoMeas2,Hoechst,145
Cells_RadialDistribution_ZernikeMagnitude_Actin_7_7,0.012320785655898385,Cells,RadialDistribution,ZernikeMagnitude,Actin,146
Nuclei_Intensity_MassDisplacement_Hoechst,0.011654012017356276,Nuclei,Intensity,MassDisplacement,Hoechst,147
Cells_AreaShape_Compactness,0.010806056911127121,Cells,AreaShape,Compactness,,148
Nuclei_Texture_Contrast_ER_3_03_256,0.009836654073699767,Nuclei,Texture,Contrast,ER,149
Cells_Granularity_3_PM,0.009773890935329857,Cells,Granularity,3,PM,150
Nuclei_RadialDistribution_MeanFrac_Mitochondria_2of4,0.009245051294520915,Nuclei,RadialDistribution,MeanFrac,Mitochondria,151
Cells_AreaShape_Zernike_7_7,0.00876204687471236,Cells,AreaShape,Zernike,7,152
Nuclei_RadialDistribution_ZernikeMagnitude_Hoechst_8_2,0.008070267759499962,Nuclei,RadialDistribution,ZernikeMagnitude,Hoechst,153
Nuclei_Intensity_MassDisplacement_Mitochondria,0.006795183578962146,Nuclei,Intensity,MassDisplacement,Mitochondria,154
Cells_Neighbors_FirstClosestDistance_Adjacent,0.006360260179099672,Cells,Neighbors,FirstClosestDistance,Adjacent,155
Nuclei_Texture_Contrast_Mitochondria_3_01_256,0.005723873068269246,Nuclei,Texture,Contrast,Mitochondria,156
Nuclei_AreaShape_Zernike_6_2,0.005235279400495788,Nuclei,AreaShape,Zernike,6,157
Cytoplasm_Intensity_MassDisplacement_Actin,0.00523032759735139,Cytoplasm,Intensity,MassDisplacement,Actin,158
Nuclei_RadialDistribution_ZernikeMagnitude_Hoechst_2_0,0.0032540920268664744,Nuclei,RadialDistribution,ZernikeMagnitude,Hoechst,159
Nuclei_RadialDistribution_ZernikeMagnitude_Actin_8_2,0.0031346466966794754,Nuclei,RadialDistribution,ZernikeMagnitude,Actin,160
Cytoplasm_RadialDistribution_ZernikeMagnitude_Mitochondria_9_3,0.002779926877886007,Cytoplasm,RadialDistribution,ZernikeMagnitude,Mitochondria,161
Nuclei_Intensity_MADIntensity_PM,0.002325564737277087,Nuclei,Intensity,MADIntensity,PM,162
Nuclei_Texture_InfoMeas1_PM_3_00_256,0.0021934738558667326,Nuclei,Texture,InfoMeas1,PM,163
Nuclei_Texture_Correlation_Hoechst_3_01_256,0.0013326988923294237,Nuclei,Texture,Correlation,Hoechst,164
Nuclei_RadialDistribution_MeanFrac_Actin_1of4,0.0012263609355006762,Nuclei,RadialDistribution,MeanFrac,Actin,165
Nuclei_Granularity_2_PM,0.0006718480045807085,Nuclei,Granularity,2,PM,166
Cells_RadialDistribution_FracAtD_Mitochondria_1of4,0.00035762266404122423,Cells,RadialDistribution,FracAtD,Mitochondria,167
Nuclei_Correlation_Correlation_Hoechst_Mitochondria,8.607266589653379e-08,Nuclei,Correlation,Correlation,Hoechst,168
Nuclei_Granularity_1_Mitochondria,0.0,Nuclei,Granularity,1,Mitochondria,169
Nuclei_RadialDistribution_ZernikeMagnitude_ER_9_5,0.0,Nuclei,RadialDistribution,ZernikeMagnitude,ER,170
Cells_RadialDistribution_RadialCV_PM_3of4,0.0,Cells,RadialDistribution,RadialCV,PM,171
Nuclei_Correlation_RWC_Actin_ER,0.0,Nuclei,Correlation,RWC,Actin,172
Cytoplasm_Texture_InfoMeas1_ER_3_01_256,0.0,Cytoplasm,Texture,InfoMeas1,ER,173
Nuclei_Intensity_IntegratedIntensityEdge_ER,0.0,Nuclei,Intensity,IntegratedIntensityEdge,ER,174
Cytoplasm_Texture_Correlation_Mitochondria_3_00_256,0.0,Cytoplasm,Texture,Correlation,Mitochondria,175
Cytoplasm_Intensity_MaxIntensityEdge_Actin,0.0,Cytoplasm,Intensity,MaxIntensityEdge,Actin,176
Cells_AreaShape_MedianRadius,0.0,Cells,AreaShape,MedianRadius,,177
Cytoplasm_AreaShape_Eccentricity,0.0,Cytoplasm,AreaShape,Eccentricity,,178
Cytoplasm_Granularity_3_PM,0.0,Cytoplasm,Granularity,3,PM,179
Nuclei_Intensity_MaxIntensityEdge_ER,0.0,Nuclei,Intensity,MaxIntensityEdge,ER,180
Nuclei_RadialDistribution_ZernikeMagnitude_PM_7_7,0.0,Nuclei,RadialDistribution,ZernikeMagnitude,PM,181
Nuclei_RadialDistribution_ZernikeMagnitude_Mitochondria_5_3,0.0,Nuclei,RadialDistribution,ZernikeMagnitude,Mitochondria,182
Cytoplasm_Texture_DifferenceEntropy_ER_3_03_256,0.0,Cytoplasm,Texture,DifferenceEntropy,ER,183
Nuclei_RadialDistribution_ZernikeMagnitude_ER_5_1,0.0,Nuclei,RadialDistribution,ZernikeMagnitude,ER,184
Cells_RadialDistribution_RadialCV_Actin_1of4,0.0,Cells,RadialDistribution,RadialCV,Actin,185
Cells_Correlation_Correlation_ER_PM,0.0,Cells,Correlation,Correlation,ER,186
Nuclei_Correlation_RWC_Hoechst_PM,0.0,Nuclei,Correlation,RWC,Hoechst,187
Nuclei_RadialDistribution_MeanFrac_PM_3of4,0.0,Nuclei,RadialDistribution,MeanFrac,PM,188
Cytoplasm_RadialDistribution_ZernikeMagnitude_Hoechst_9_5,0.0,Cytoplasm,RadialDistribution,ZernikeMagnitude,Hoechst,189
Cytoplasm_Texture_InfoMeas1_Mitochondria_3_00_256,0.0,Cytoplasm,Texture,InfoMeas1,Mitochondria,190
Cells_RadialDistribution_ZernikeMagnitude_PM_9_3,0.0,Cells,RadialDistribution,ZernikeMagnitude,PM,191
Cells_Intensity_StdIntensityEdge_Mitochondria,0.0,Cells,Intensity,StdIntensityEdge,Mitochondria,192
Nuclei_Texture_Correlation_PM_3_02_256,0.0,Nuclei,Texture,Correlation,PM,193
Cytoplasm_RadialDistribution_MeanFrac_Mitochondria_4of4,0.0,Cytoplasm,RadialDistribution,MeanFrac,Mitochondria,194
Nuclei_RadialDistribution_ZernikeMagnitude_Mitochondria_4_4,0.0,Nuclei,RadialDistribution,ZernikeMagnitude,Mitochondria,195
Cytoplasm_Intensity_MaxIntensityEdge_Hoechst,0.0,Cytoplasm,Intensity,MaxIntensityEdge,Hoechst,196
Cytoplasm_RadialDistribution_ZernikeMagnitude_ER_8_4,0.0,Cytoplasm,RadialDistribution,ZernikeMagnitude,ER,197
Cytoplasm_AreaShape_Zernike_4_0,0.0,Cytoplasm,AreaShape,Zernike,4,198
Nuclei_Correlation_Correlation_Mitochondria_PM,0.0,Nuclei,Correlation,Correlation,Mitochondria,199
Cytoplasm_RadialDistribution_ZernikeMagnitude_ER_2_2,0.0,Cytoplasm,RadialDistribution,ZernikeMagnitude,ER,200
Cells_Granularity_1_Actin,0.0,Cells,Granularity,1,Actin,201
Nuclei_Correlation_K_Mitochondria_PM,0.0,Nuclei,Correlation,K,Mitochondria,202
Cells_RadialDistribution_ZernikeMagnitude_PM_8_8,0.0,Cells,RadialDistribution,ZernikeMagnitude,PM,203
Cells_Correlation_Manders_Mitochondria_Actin,0.0,Cells,Correlation,Manders,Mitochondria,204
Cells_Texture_InfoMeas1_Actin_3_02_256,0.0,Cells,Texture,InfoMeas1,Actin,205
Cytoplasm_Correlation_Manders_PM_Mitochondria,0.0,Cytoplasm,Correlation,Manders,PM,206
Cytoplasm_AreaShape_Zernike_4_2,0.0,Cytoplasm,AreaShape,Zernike,4,207
Cells_RadialDistribution_ZernikeMagnitude_Hoechst_2_0,0.0,Cells,RadialDistribution,ZernikeMagnitude,Hoechst,208
Nuclei_Correlation_RWC_ER_PM,0.0,Nuclei,Correlation,RWC,ER,209
Cytoplasm_RadialDistribution_ZernikeMagnitude_Mitochondria_7_1,0.0,Cytoplasm,RadialDistribution,ZernikeMagnitude,Mitochondria,210
Nuclei_RadialDistribution_FracAtD_Hoechst_2of4,0.0,Nuclei,RadialDistribution,FracAtD,Hoechst,211
Cytoplasm_RadialDistribution_ZernikeMagnitude_PM_9_7,0.0,Cytoplasm,RadialDistribution,ZernikeMagnitude,PM,212
Nuclei_RadialDistribution_ZernikeMagnitude_Mitochondria_7_5,0.0,Nuclei,RadialDistribution,ZernikeMagnitude,Mitochondria,213
Nuclei_RadialDistribution_ZernikeMagnitude_PM_7_5,0.0,Nuclei,RadialDistribution,ZernikeMagnitude,PM,214
Nuclei_Intensity_IntegratedIntensity_ER,0.0,Nuclei,Intensity,IntegratedIntensity,ER,215
Cells_RadialDistribution_MeanFrac_PM_3of4,0.0,Cells,RadialDistribution,MeanFrac,PM,216
Nuclei_RadialDistribution_ZernikeMagnitude_Mitochondria_9_7,0.0,Nuclei,RadialDistribution,ZernikeMagnitude,Mitochondria,217
Nuclei_RadialDistribution_ZernikeMagnitude_Actin_9_3,0.0,Nuclei,RadialDistribution,ZernikeMagnitude,Actin,218
Cytoplasm_RadialDistribution_ZernikeMagnitude_PM_6_2,0.0,Cytoplasm,RadialDistribution,ZernikeMagnitude,PM,219
Cytoplasm_RadialDistribution_ZernikeMagnitude_ER_3_1,0.0,Cytoplasm,RadialDistribution,ZernikeMagnitude,ER,220
Nuclei_RadialDistribution_ZernikeMagnitude_ER_3_1,0.0,Nuclei,RadialDistribution,ZernikeMagnitude,ER,221
Cells_RadialDistribution_ZernikeMagnitude_Mitochondria_5_1,0.0,Cells,RadialDistribution,ZernikeMagnitude,Mitochondria,222
Cells_RadialDistribution_ZernikeMagnitude_Mitochondria_6_0,0.0,Cells,RadialDistribution,ZernikeMagnitude,Mitochondria,223
Cells_Correlation_Correlation_Hoechst_PM,0.0,Cells,Correlation,Correlation,Hoechst,224
Nuclei_Texture_Contrast_PM_3_00_256,0.0,Nuclei,Texture,Contrast,PM,225
Cytoplasm_Correlation_Correlation_ER_Hoechst,0.0,Cytoplasm,Correlation,Correlation,ER,226
Nuclei_AreaShape_Zernike_7_1,0.0,Nuclei,AreaShape,Zernike,7,227
Nuclei_RadialDistribution_ZernikeMagnitude_Mitochondria_9_1,0.0,Nuclei,RadialDistribution,ZernikeMagnitude,Mitochondria,228
Cells_RadialDistribution_FracAtD_Actin_2of4,0.0,Cells,RadialDistribution,FracAtD,Actin,229
Cytoplasm_Intensity_MaxIntensityEdge_ER,0.0,Cytoplasm,Intensity,MaxIntensityEdge,ER,230
Cytoplasm_RadialDistribution_FracAtD_Mitochondria_2of4,0.0,Cytoplasm,RadialDistribution,FracAtD,Mitochondria,231
Cells_AreaShape_Zernike_8_0,0.0,Cells,AreaShape,Zernike,8,232
Cells_RadialDistribution_RadialCV_Mitochondria_4of4,0.0,Cells,RadialDistribution,RadialCV,Mitochondria,233
Nuclei_RadialDistribution_ZernikeMagnitude_Mitochondria_9_3,0.0,Nuclei,RadialDistribution,ZernikeMagnitude,Mitochondria,234
Nuclei_RadialDistribution_RadialCV_Actin_3of4,0.0,Nuclei,RadialDistribution,RadialCV,Actin,235
Cells_RadialDistribution_ZernikeMagnitude_Actin_2_2,0.0,Cells,RadialDistribution,ZernikeMagnitude,Actin,236
Cells_Correlation_RWC_Hoechst_ER,0.0,Cells,Correlation,RWC,Hoechst,237
Cytoplasm_Texture_Contrast_ER_3_03_256,0.0,Cytoplasm,Texture,Contrast,ER,238
Cytoplasm_RadialDistribution_RadialCV_ER_2of4,0.0,Cytoplasm,RadialDistribution,RadialCV,ER,239
Cytoplasm_RadialDistribution_ZernikeMagnitude_Hoechst_2_2,0.0,Cytoplasm,RadialDistribution,ZernikeMagnitude,Hoechst,240
Nuclei_RadialDistribution_ZernikeMagnitude_Mitochondria_1_1,0.0,Nuclei,RadialDistribution,ZernikeMagnitude,Mitochondria,241
Cytoplasm_RadialDistribution_ZernikeMagnitude_PM_4_2,0.0,Cytoplasm,RadialDistribution,ZernikeMagnitude,PM,242
Cells_Intensity_StdIntensity_Hoechst,0.0,Cells,Intensity,StdIntensity,Hoechst,243
Nuclei_RadialDistribution_RadialCV_ER_2of4,0.0,Nuclei,RadialDistribution,RadialCV,ER,244
Cells_Texture_Contrast_Hoechst_3_00_256,0.0,Cells,Texture,Contrast,Hoechst,245
Cytoplasm_Intensity_StdIntensity_Hoechst,0.0,Cytoplasm,Intensity,StdIntensity,Hoechst,246
Nuclei_Texture_InverseDifferenceMoment_Mitochondria_3_00_256,0.0,Nuclei,Texture,InverseDifferenceMoment,Mitochondria,247
Cytoplasm_RadialDistribution_FracAtD_Mitochondria_4of4,0.0,Cytoplasm,RadialDistribution,FracAtD,Mitochondria,248
Cytoplasm_Texture_InfoMeas1_ER_3_00_256,0.0,Cytoplasm,Texture,InfoMeas1,ER,249
Cytoplasm_Intensity_MassDisplacement_ER,0.0,Cytoplasm,Intensity,MassDisplacement,ER,250
Nuclei_Texture_Correlation_ER_3_01_256,0.0,Nuclei,Texture,Correlation,ER,251
Cells_RadialDistribution_MeanFrac_Mitochondria_1of4,0.0,Cells,RadialDistribution,MeanFrac,Mitochondria,252
Nuclei_Correlation_K_Hoechst_ER,0.0,Nuclei,Correlation,K,Hoechst,253
Nuclei_RadialDistribution_ZernikeMagnitude_Mitochondria_9_5,0.0,Nuclei,RadialDistribution,ZernikeMagnitude,Mitochondria,254
Cytoplasm_RadialDistribution_ZernikeMagnitude_ER_4_0,0.0,Cytoplasm,RadialDistribution,ZernikeMagnitude,ER,255
Cytoplasm_Intensity_MaxIntensity_Mitochondria,0.0,Cytoplasm,Intensity,MaxIntensity,Mitochondria,256
Cells_RadialDistribution_ZernikeMagnitude_Hoechst_6_0,0.0,Cells,RadialDistribution,ZernikeMagnitude,Hoechst,257
Nuclei_Texture_InfoMeas1_Hoechst_3_03_256,0.0,Nuclei,Texture,InfoMeas1,Hoechst,258
Nuclei_Texture_InfoMeas2_PM_3_03_256,0.0,Nuclei,Texture,InfoMeas2,PM,259
Nuclei_Intensity_MaxIntensityEdge_Mitochondria,0.0,Nuclei,Intensity,MaxIntensityEdge,Mitochondria,260
Cytoplasm_AreaShape_Zernike_8_2,0.0,Cytoplasm,AreaShape,Zernike,8,261
Nuclei_RadialDistribution_ZernikeMagnitude_Actin_7_7,0.0,Nuclei,RadialDistribution,ZernikeMagnitude,Actin,262
Cells_Texture_InfoMeas1_Actin_3_03_256,0.0,Cells,Texture,InfoMeas1,Actin,263
Cells_Texture_Correlation_Actin_3_01_256,0.0,Cells,Texture,Correlation,Actin,264
Nuclei_RadialDistribution_ZernikeMagnitude_Hoechst_2_2,0.0,Nuclei,RadialDistribution,ZernikeMagnitude,Hoechst,265
Cells_RadialDistribution_ZernikeMagnitude_PM_4_2,0.0,Cells,RadialDistribution,ZernikeMagnitude,PM,266
Cells_Correlation_RWC_Hoechst_Mitochondria,0.0,Cells,Correlation,RWC,Hoechst,267
Cytoplasm_Texture_Correlation_Actin_3_00_256,0.0,Cytoplasm,Texture,Correlation,Actin,268
Cytoplasm_RadialDistribution_ZernikeMagnitude_PM_9_3,0.0,Cytoplasm,RadialDistribution,ZernikeMagnitude,PM,269
Cells_AreaShape_Zernike_7_1,0.0,Cells,AreaShape,Zernike,7,270
Nuclei_Correlation_K_ER_PM,0.0,Nuclei,Correlation,K,ER,271
Nuclei_RadialDistribution_ZernikeMagnitude_Actin_4_4,0.0,Nuclei,RadialDistribution,ZernikeMagnitude,Actin,272
Cells_AreaShape_FormFactor,0.0,Cells,AreaShape,FormFactor,,273
Nuclei_Correlation_RWC_PM_ER,0.0,Nuclei,Correlation,RWC,PM,274
Nuclei_Intensity_MADIntensity_ER,0.0,Nuclei,Intensity,MADIntensity,ER,275
Nuclei_RadialDistribution_MeanFrac_PM_2of4,0.0,Nuclei,RadialDistribution,MeanFrac,PM,276
Nuclei_RadialDistribution_ZernikeMagnitude_ER_7_1,0.0,Nuclei,RadialDistribution,ZernikeMagnitude,ER,277
Nuclei_RadialDistribution_ZernikeMagnitude_Hoechst_4_0,0.0,Nuclei,RadialDistribution,ZernikeMagnitude,Hoechst,278
Cytoplasm_RadialDistribution_FracAtD_ER_3of4,0.0,Cytoplasm,RadialDistribution,FracAtD,ER,279
Cells_RadialDistribution_ZernikeMagnitude_Actin_5_5,0.0,Cells,RadialDistribution,ZernikeMagnitude,Actin,280
Cytoplasm_RadialDistribution_MeanFrac_Actin_3of4,0.0,Cytoplasm,RadialDistribution,MeanFrac,Actin,281
Cytoplasm_RadialDistribution_ZernikeMagnitude_Hoechst_2_0,0.0,Cytoplasm,RadialDistribution,ZernikeMagnitude,Hoechst,282
Nuclei_Correlation_Overlap_Actin_PM,0.0,Nuclei,Correlation,Overlap,Actin,283
Cytoplasm_RadialDistribution_ZernikeMagnitude_Hoechst_4_0,0.0,Cytoplasm,RadialDistribution,ZernikeMagnitude,Hoechst,284
Nuclei_RadialDistribution_ZernikeMagnitude_Actin_9_1,0.0,Nuclei,RadialDistribution,ZernikeMagnitude,Actin,285
Cells_RadialDistribution_ZernikeMagnitude_Mitochondria_7_3,0.0,Cells,RadialDistribution,ZernikeMagnitude,Mitochondria,286
Nuclei_RadialDistribution_ZernikeMagnitude_Mitochondria_2_0,0.0,Nuclei,RadialDistribution,ZernikeMagnitude,Mitochondria,287
Cytoplasm_Texture_Contrast_Hoechst_3_01_256,0.0,Cytoplasm,Texture,Contrast,Hoechst,288
Nuclei_RadialDistribution_RadialCV_PM_3of4,0.0,Nuclei,RadialDistribution,RadialCV,PM,289
Nuclei_RadialDistribution_ZernikeMagnitude_Mitochondria_4_0,0.0,Nuclei,RadialDistribution,ZernikeMagnitude,Mitochondria,290
Cytoplasm_RadialDistribution_ZernikeMagnitude_PM_3_1,0.0,Cytoplasm,RadialDistribution,ZernikeMagnitude,PM,291
Nuclei_Granularity_1_ER,0.0,Nuclei,Granularity,1,ER,292
Cells_AreaShape_Extent,0.0,Cells,AreaShape,Extent,,293
Nuclei_Correlation_Correlation_Actin_ER,0.0,Nuclei,Correlation,Correlation,Actin,294
Cells_RadialDistribution_MeanFrac_Hoechst_2of4,0.0,Cells,RadialDistribution,MeanFrac,Hoechst,295
Cytoplasm_Correlation_Manders_PM_Actin,0.0,Cytoplasm,Correlation,Manders,PM,296
Cells_RadialDistribution_ZernikeMagnitude_Mitochondria_9_5,0.0,Cells,RadialDistribution,ZernikeMagnitude,Mitochondria,297
Cells_RadialDistribution_ZernikeMagnitude_Hoechst_0_0,0.0,Cells,RadialDistribution,ZernikeMagnitude,Hoechst,298
Nuclei_Texture_DifferenceVariance_PM_3_03_256,0.0,Nuclei,Texture,DifferenceVariance,PM,299
Cells_Intensity_MaxIntensityEdge_Mitochondria,0.0,Cells,Intensity,MaxIntensityEdge,Mitochondria,300
Cytoplasm_AreaShape_Zernike_8_6,0.0,Cytoplasm,AreaShape,Zernike,8,301
Nuclei_RadialDistribution_ZernikeMagnitude_PM_7_1,0.0,Nuclei,RadialDistribution,ZernikeMagnitude,PM,302
Cells_RadialDistribution_FracAtD_ER_3of4,0.0,Cells,RadialDistribution,FracAtD,ER,303
Cytoplasm_RadialDistribution_ZernikeMagnitude_Mitochondria_3_3,0.0,Cytoplasm,RadialDistribution,ZernikeMagnitude,Mitochondria,304
Cells_RadialDistribution_ZernikeMagnitude_PM_8_4,0.0,Cells,RadialDistribution,ZernikeMagnitude,PM,305
Nuclei_RadialDistribution_ZernikeMagnitude_ER_9_9,0.0,Nuclei,RadialDistribution,ZernikeMagnitude,ER,306
Nuclei_RadialDistribution_ZernikeMagnitude_Actin_7_5,0.0,Nuclei,RadialDistribution,ZernikeMagnitude,Actin,307
Nuclei_RadialDistribution_ZernikeMagnitude_Hoechst_5_1,0.0,Nuclei,RadialDistribution,ZernikeMagnitude,Hoechst,308
Cytoplasm_AreaShape_Zernike_6_4,0.0,Cytoplasm,AreaShape,Zernike,6,309
Cytoplasm_Texture_InfoMeas2_Mitochondria_3_03_256,0.0,Cytoplasm,Texture,InfoMeas2,Mitochondria,310
Cytoplasm_RadialDistribution_ZernikeMagnitude_Mitochondria_1_1,0.0,Cytoplasm,RadialDistribution,ZernikeMagnitude,Mitochondria,311
Cytoplasm_RadialDistribution_ZernikeMagnitude_ER_5_1,0.0,Cytoplasm,RadialDistribution,ZernikeMagnitude,ER,312
Cells_AreaShape_Zernike_9_1,0.0,Cells,AreaShape,Zernike,9,313
Cells_RadialDistribution_MeanFrac_Mitochondria_4of4,0.0,Cells,RadialDistribution,MeanFrac,Mitochondria,314
Cytoplasm_RadialDistribution_MeanFrac_Actin_2of4,0.0,Cytoplasm,RadialDistribution,MeanFrac,Actin,315
Cells_RadialDistribution_MeanFrac_Hoechst_1of4,0.0,Cells,RadialDistribution,MeanFrac,Hoechst,316
Cells_Texture_InfoMeas1_Actin_3_01_256,0.0,Cells,Texture,InfoMeas1,Actin,317
Cells_AreaShape_Solidity,0.0,Cells,AreaShape,Solidity,,318
Nuclei_Texture_Contrast_ER_3_02_256,0.0,Nuclei,Texture,Contrast,ER,319
Nuclei_Texture_Entropy_ER_3_01_256,0.0,Nuclei,Texture,Entropy,ER,320
Cytoplasm_AreaShape_Zernike_9_3,0.0,Cytoplasm,AreaShape,Zernike,9,321
Nuclei_Texture_DifferenceEntropy_Mitochondria_3_00_256,0.0,Nuclei,Texture,DifferenceEntropy,Mitochondria,322
Cytoplasm_Correlation_RWC_Hoechst_ER,0.0,Cytoplasm,Correlation,RWC,Hoechst,323
Cells_RadialDistribution_ZernikeMagnitude_ER_6_0,0.0,Cells,RadialDistribution,ZernikeMagnitude,ER,324
Cytoplasm_RadialDistribution_ZernikeMagnitude_Actin_1_1,0.0,Cytoplasm,RadialDistribution,ZernikeMagnitude,Actin,325
Nuclei_Texture_InverseDifferenceMoment_ER_3_03_256,0.0,Nuclei,Texture,InverseDifferenceMoment,ER,326
Nuclei_RadialDistribution_ZernikeMagnitude_Mitochondria_5_1,0.0,Nuclei,RadialDistribution,ZernikeMagnitude,Mitochondria,327
Cells_RadialDistribution_ZernikeMagnitude_Actin_7_1,0.0,Cells,RadialDistribution,ZernikeMagnitude,Actin,328
Nuclei_RadialDistribution_ZernikeMagnitude_Actin_6_6,0.0,Nuclei,RadialDistribution,ZernikeMagnitude,Actin,329
Cytoplasm_Texture_InverseDifferenceMoment_ER_3_01_256,0.0,Cytoplasm,Texture,InverseDifferenceMoment,ER,330
Cytoplasm_RadialDistribution_ZernikeMagnitude_PM_8_6,0.0,Cytoplasm,RadialDistribution,ZernikeMagnitude,PM,331
Nuclei_Correlation_Correlation_ER_Mitochondria,0.0,Nuclei,Correlation,Correlation,ER,332
Cells_RadialDistribution_MeanFrac_Mitochondria_3of4,0.0,Cells,RadialDistribution,MeanFrac,Mitochondria,333
Cells_RadialDistribution_RadialCV_ER_3of4,0.0,Cells,RadialDistribution,RadialCV,ER,334
Cells_Intensity_MaxIntensityEdge_ER,0.0,Cells,Intensity,MaxIntensityEdge,ER,335
Cytoplasm_RadialDistribution_RadialCV_Mitochondria_4of4,0.0,Cytoplasm,RadialDistribution,RadialCV,Mitochondria,336
Cells_RadialDistribution_ZernikeMagnitude_Actin_6_2,0.0,Cells,RadialDistribution,ZernikeMagnitude,Actin,337
Cytoplasm_AreaShape_Zernike_4_4,0.0,Cytoplasm,AreaShape,Zernike,4,338
Cells_AreaShape_Zernike_8_2,0.0,Cells,AreaShape,Zernike,8,339
Cells_Texture_DifferenceVariance_Hoechst_3_01_256,0.0,Cells,Texture,DifferenceVariance,Hoechst,340
Cytoplasm_Texture_InverseDifferenceMoment_Mitochondria_3_00_256,0.0,Cytoplasm,Texture,InverseDifferenceMoment,Mitochondria,341
Cytoplasm_Intensity_MADIntensity_Mitochondria,0.0,Cytoplasm,Intensity,MADIntensity,Mitochondria,342
Cytoplasm_RadialDistribution_ZernikeMagnitude_Mitochondria_7_5,0.0,Cytoplasm,RadialDistribution,ZernikeMagnitude,Mitochondria,343
Nuclei_Granularity_2_Hoechst,0.0,Nuclei,Granularity,2,Hoechst,344
Nuclei_Correlation_RWC_Actin_Hoechst,0.0,Nuclei,Correlation,RWC,Actin,345
Cytoplasm_RadialDistribution_ZernikeMagnitude_PM_8_4,0.0,Cytoplasm,RadialDistribution,ZernikeMagnitude,PM,346
Cells_RadialDistribution_FracAtD_Mitochondria_2of4,0.0,Cells,RadialDistribution,FracAtD,Mitochondria,347
Cells_Intensity_UpperQuartileIntensity_Hoechst,0.0,Cells,Intensity,UpperQuartileIntensity,Hoechst,348
Cytoplasm_RadialDistribution_ZernikeMagnitude_Hoechst_9_9,0.0,Cytoplasm,RadialDistribution,ZernikeMagnitude,Hoechst,349
Nuclei_RadialDistribution_ZernikeMagnitude_Hoechst_7_5,0.0,Nuclei,RadialDistribution,ZernikeMagnitude,Hoechst,350
Nuclei_RadialDistribution_ZernikeMagnitude_PM_4_0,0.0,Nuclei,RadialDistribution,ZernikeMagnitude,PM,351
Nuclei_RadialDistribution_ZernikeMagnitude_PM_4_2,0.0,Nuclei,RadialDistribution,ZernikeMagnitude,PM,352
Nuclei_RadialDistribution_ZernikeMagnitude_Hoechst_7_1,0.0,Nuclei,RadialDistribution,ZernikeMagnitude,Hoechst,353
Nuclei_RadialDistribution_ZernikeMagnitude_Hoechst_1_1,0.0,Nuclei,RadialDistribution,ZernikeMagnitude,Hoechst,354
Cells_Correlation_Manders_PM_Hoechst,0.0,Cells,Correlation,Manders,PM,355
Cells_Intensity_MeanIntensityEdge_PM,0.0,Cells,Intensity,MeanIntensityEdge,PM,356
Cytoplasm_Correlation_RWC_ER_Hoechst,0.0,Cytoplasm,Correlation,RWC,ER,357
Cytoplasm_Correlation_Manders_ER_Hoechst,0.0,Cytoplasm,Correlation,Manders,ER,358
Cytoplasm_Texture_InfoMeas1_Hoechst_3_00_256,0.0,Cytoplasm,Texture,InfoMeas1,Hoechst,359
Nuclei_Intensity_LowerQuartileIntensity_Mitochondria,0.0,Nuclei,Intensity,LowerQuartileIntensity,Mitochondria,360
Cytoplasm_Granularity_3_ER,0.0,Cytoplasm,Granularity,3,ER,361
Cytoplasm_Texture_Contrast_PM_3_02_256,0.0,Cytoplasm,Texture,Contrast,PM,362
Nuclei_RadialDistribution_ZernikeMagnitude_Hoechst_6_4,0.0,Nuclei,RadialDistribution,ZernikeMagnitude,Hoechst,363
Nuclei_RadialDistribution_ZernikeMagnitude_PM_5_1,0.0,Nuclei,RadialDistribution,ZernikeMagnitude,PM,364
Nuclei_RadialDistribution_RadialCV_ER_4of4,0.0,Nuclei,RadialDistribution,RadialCV,ER,365
Cells_Intensity_IntegratedIntensity_Hoechst,0.0,Cells,Intensity,IntegratedIntensity,Hoechst,366
Cytoplasm_RadialDistribution_RadialCV_ER_4of4,0.0,Cytoplasm,RadialDistribution,RadialCV,ER,367
Nuclei_Intensity_MADIntensity_Hoechst,0.0,Nuclei,Intensity,MADIntensity,Hoechst,368
Cells_RadialDistribution_FracAtD_ER_1of4,0.0,Cells,RadialDistribution,FracAtD,ER,369
Cells_RadialDistribution_ZernikeMagnitude_PM_6_4,0.0,Cells,RadialDistribution,ZernikeMagnitude,PM,370
Cells_RadialDistribution_ZernikeMagnitude_ER_9_5,0.0,Cells,RadialDistribution,ZernikeMagnitude,ER,371
Nuclei_RadialDistribution_FracAtD_Actin_3of4,0.0,Nuclei,RadialDistribution,FracAtD,Actin,372
Nuclei_Texture_InfoMeas1_Mitochondria_3_02_256,0.0,Nuclei,Texture,InfoMeas1,Mitochondria,373
Nuclei_Texture_DifferenceEntropy_ER_3_02_256,0.0,Nuclei,Texture,DifferenceEntropy,ER,374
Nuclei_RadialDistribution_RadialCV_Mitochondria_3of4,0.0,Nuclei,RadialDistribution,RadialCV,Mitochondria,375
Cytoplasm_RadialDistribution_RadialCV_Hoechst_4of4,0.0,Cytoplasm,RadialDistribution,RadialCV,Hoechst,376
Cells_RadialDistribution_ZernikeMagnitude_PM_4_4,0.0,Cells,RadialDistribution,ZernikeMagnitude,PM,377
Cytoplasm_RadialDistribution_RadialCV_Mitochondria_3of4,0.0,Cytoplasm,RadialDistribution,RadialCV,Mitochondria,378
Cytoplasm_RadialDistribution_ZernikeMagnitude_PM_7_1,0.0,Cytoplasm,RadialDistribution,ZernikeMagnitude,PM,379
Cytoplasm_RadialDistribution_MeanFrac_PM_2of4,0.0,Cytoplasm,RadialDistribution,MeanFrac,PM,380
Nuclei_AreaShape_Zernike_4_2,0.0,Nuclei,AreaShape,Zernike,4,381
Cells_Correlation_Correlation_Mitochondria_PM,0.0,Cells,Correlation,Correlation,Mitochondria,382
Cytoplasm_RadialDistribution_ZernikeMagnitude_Hoechst_6_0,0.0,Cytoplasm,RadialDistribution,ZernikeMagnitude,Hoechst,383
Nuclei_RadialDistribution_ZernikeMagnitude_Hoechst_4_2,0.0,Nuclei,RadialDistribution,ZernikeMagnitude,Hoechst,384
Nuclei_Neighbors_SecondClosestDistance_Adjacent,0.0,Nuclei,Neighbors,SecondClosestDistance,Adjacent,385
Nuclei_RadialDistribution_ZernikeMagnitude_ER_2_0,0.0,Nuclei,RadialDistribution,ZernikeMagnitude,ER,386
Cytoplasm_RadialDistribution_ZernikeMagnitude_Mitochondria_9_1,0.0,Cytoplasm,RadialDistribution,ZernikeMagnitude,Mitochondria,387
Nuclei_RadialDistribution_ZernikeMagnitude_PM_6_0,0.0,Nuclei,RadialDistribution,ZernikeMagnitude,PM,388
Cytoplasm_Texture_Entropy_Mitochondria_3_02_256,0.0,Cytoplasm,Texture,Entropy,Mitochondria,389
Cells_Correlation_Correlation_Actin_Hoechst,0.0,Cells,Correlation,Correlation,Actin,390
Nuclei_RadialDistribution_ZernikeMagnitude_PM_6_4,0.0,Nuclei,RadialDistribution,ZernikeMagnitude,PM,391
Cells_Texture_InfoMeas1_Hoechst_3_00_256,0.0,Cells,Texture,InfoMeas1,Hoechst,392
Cytoplasm_Texture_InfoMeas2_ER_3_02_256,0.0,Cytoplasm,Texture,InfoMeas2,ER,393
Nuclei_RadialDistribution_ZernikeMagnitude_PM_9_5,0.0,Nuclei,RadialDistribution,ZernikeMagnitude,PM,394
Nuclei_Texture_SumVariance_Mitochondria_3_03_256,0.0,Nuclei,Texture,SumVariance,Mitochondria,395
Cytoplasm_Texture_InfoMeas2_Mitochondria_3_01_256,0.0,Cytoplasm,Texture,InfoMeas2,Mitochondria,396
Cells_RadialDistribution_ZernikeMagnitude_Mitochondria_6_2,0.0,Cells,RadialDistribution,ZernikeMagnitude,Mitochondria,397
Nuclei_Texture_InfoMeas1_Mitochondria_3_01_256,0.0,Nuclei,Texture,InfoMeas1,Mitochondria,398
Cytoplasm_RadialDistribution_ZernikeMagnitude_Hoechst_3_1,0.0,Cytoplasm,RadialDistribution,ZernikeMagnitude,Hoechst,399
Cells_Intensity_MeanIntensityEdge_ER,0.0,Cells,Intensity,MeanIntensityEdge,ER,400
Cytoplasm_RadialDistribution_ZernikeMagnitude_PM_8_0,0.0,Cytoplasm,RadialDistribution,ZernikeMagnitude,PM,401
Nuclei_Intensity_IntegratedIntensityEdge_Hoechst,0.0,Nuclei,Intensity,IntegratedIntensityEdge,Hoechst,402
Nuclei_RadialDistribution_ZernikeMagnitude_Mitochondria_8_6,0.0,Nuclei,RadialDistribution,ZernikeMagnitude,Mitochondria,403
Cytoplasm_Texture_InfoMeas2_Mitochondria_3_02_256,0.0,Cytoplasm,Texture,InfoMeas2,Mitochondria,404
Cells_RadialDistribution_ZernikeMagnitude_Mitochondria_9_7,0.0,Cells,RadialDistribution,ZernikeMagnitude,Mitochondria,405
Nuclei_RadialDistribution_FracAtD_Mitochondria_1of4,0.0,Nuclei,RadialDistribution,FracAtD,Mitochondria,406
Cells_RadialDistribution_ZernikeMagnitude_Actin_5_1,0.0,Cells,RadialDistribution,ZernikeMagnitude,Actin,407
Cytoplasm_Texture_DifferenceEntropy_Mitochondria_3_01_256,0.0,Cytoplasm,Texture,DifferenceEntropy,Mitochondria,408
Cytoplasm_Texture_InfoMeas2_ER_3_01_256,0.0,Cytoplasm,Texture,InfoMeas2,ER,409
Nuclei_Texture_Contrast_ER_3_01_256,0.0,Nuclei,Texture,Contrast,ER,410
Nuclei_Intensity_IntegratedIntensity_PM,0.0,Nuclei,Intensity,IntegratedIntensity,PM,411
Nuclei_RadialDistribution_ZernikeMagnitude_ER_8_6,0.0,Nuclei,RadialDistribution,ZernikeMagnitude,ER,412
Cytoplasm_RadialDistribution_FracAtD_Hoechst_2of4,0.0,Cytoplasm,RadialDistribution,FracAtD,Hoechst,413
Nuclei_RadialDistribution_MeanFrac_Actin_4of4,0.0,Nuclei,RadialDistribution,MeanFrac,Actin,414
Cells_Granularity_1_Mitochondria,0.0,Cells,Granularity,1,Mitochondria,415
Nuclei_RadialDistribution_ZernikeMagnitude_Mitochondria_5_5,0.0,Nuclei,RadialDistribution,ZernikeMagnitude,Mitochondria,416
Cytoplasm_RadialDistribution_ZernikeMagnitude_PM_7_3,0.0,Cytoplasm,RadialDistribution,ZernikeMagnitude,PM,417
Nuclei_RadialDistribution_MeanFrac_PM_1of4,0.0,Nuclei,RadialDistribution,MeanFrac,PM,418
Nuclei_Intensity_StdIntensity_PM,0.0,Nuclei,Intensity,StdIntensity,PM,419
Nuclei_Texture_Correlation_PM_3_03_256,0.0,Nuclei,Texture,Correlation,PM,420
Nuclei_Correlation_K_PM_ER,0.0,Nuclei,Correlation,K,PM,421
Nuclei_RadialDistribution_ZernikeMagnitude_ER_8_2,0.0,Nuclei,RadialDistribution,ZernikeMagnitude,ER,422
Cells_RadialDistribution_ZernikeMagnitude_Mitochondria_6_6,0.0,Cells,RadialDistribution,ZernikeMagnitude,Mitochondria,423
Nuclei_Correlation_RWC_ER_Mitochondria,0.0,Nuclei,Correlation,RWC,ER,424
Cytoplasm_RadialDistribution_ZernikeMagnitude_PM_8_2,0.0,Cytoplasm,RadialDistribution,ZernikeMagnitude,PM,425
Cytoplasm_Texture_InfoMeas2_ER_3_03_256,0.0,Cytoplasm,Texture,InfoMeas2,ER,426
Cytoplasm_RadialDistribution_ZernikeMagnitude_PM_6_0,0.0,Cytoplasm,RadialDistribution,ZernikeMagnitude,PM,427
Nuclei_Correlation_RWC_PM_Actin,0.0,Nuclei,Correlation,RWC,PM,428
Cytoplasm_RadialDistribution_MeanFrac_Actin_1of4,0.0,Cytoplasm,RadialDistribution,MeanFrac,Actin,429
Cytoplasm_RadialDistribution_ZernikeMagnitude_Actin_7_1,0.0,Cytoplasm,RadialDistribution,ZernikeMagnitude,Actin,430
Cells_RadialDistribution_FracAtD_PM_4of4,0.0,Cells,RadialDistribution,FracAtD,PM,431
Nuclei_Texture_AngularSecondMoment_PM_3_03_256,0.0,Nuclei,Texture,AngularSecondMoment,PM,432
Cells_AreaShape_Zernike_8_8,0.0,Cells,AreaShape,Zernike,8,433
Nuclei_RadialDistribution_ZernikeMagnitude_ER_4_4,0.0,Nuclei,RadialDistribution,ZernikeMagnitude,ER,434
Nuclei_RadialDistribution_ZernikeMagnitude_PM_5_5,0.0,Nuclei,RadialDistribution,ZernikeMagnitude,PM,435
Cytoplasm_RadialDistribution_FracAtD_Hoechst_4of4,0.0,Cytoplasm,RadialDistribution,FracAtD,Hoechst,436
Cytoplasm_Texture_Contrast_ER_3_01_256,0.0,Cytoplasm,Texture,Contrast,ER,437
Cells_RadialDistribution_ZernikeMagnitude_Hoechst_8_0,0.0,Cells,RadialDistribution,ZernikeMagnitude,Hoechst,438
Nuclei_RadialDistribution_ZernikeMagnitude_Hoechst_9_1,0.0,Nuclei,RadialDistribution,ZernikeMagnitude,Hoechst,439
Cells_Texture_Contrast_Hoechst_3_02_256,0.0,Cells,Texture,Contrast,Hoechst,440
Cytoplasm_Correlation_Manders_Mitochondria_Hoechst,0.0,Cytoplasm,Correlation,Manders,Mitochondria,441
Cells_RadialDistribution_ZernikeMagnitude_Mitochondria_9_1,0.0,Cells,RadialDistribution,ZernikeMagnitude,Mitochondria,442
Cytoplasm_Texture_DifferenceVariance_Hoechst_3_02_256,0.0,Cytoplasm,Texture,DifferenceVariance,Hoechst,443
Cells_RadialDistribution_MeanFrac_ER_2of4,0.0,Cells,RadialDistribution,MeanFrac,ER,444
Cells_RadialDistribution_ZernikeMagnitude_Hoechst_8_2,0.0,Cells,RadialDistribution,ZernikeMagnitude,Hoechst,445
Nuclei_RadialDistribution_ZernikeMagnitude_PM_8_0,0.0,Nuclei,RadialDistribution,ZernikeMagnitude,PM,446
Cells_Intensity_MassDisplacement_Hoechst,0.0,Cells,Intensity,MassDisplacement,Hoechst,447
Cytoplasm_Granularity_2_ER,0.0,Cytoplasm,Granularity,2,ER,448
Nuclei_RadialDistribution_ZernikeMagnitude_Mitochondria_6_0,0.0,Nuclei,RadialDistribution,ZernikeMagnitude,Mitochondria,449
Nuclei_Texture_SumVariance_Hoechst_3_03_256,0.0,Nuclei,Texture,SumVariance,Hoechst,450
Nuclei_AreaShape_Zernike_5_5,0.0,Nuclei,AreaShape,Zernike,5,451
Nuclei_RadialDistribution_ZernikeMagnitude_PM_6_6,0.0,Nuclei,RadialDistribution,ZernikeMagnitude,PM,452
Cytoplasm_Texture_SumVariance_Mitochondria_3_01_256,0.0,Cytoplasm,Texture,SumVariance,Mitochondria,453
Cells_Texture_SumEntropy_Hoechst_3_00_256,0.0,Cells,Texture,SumEntropy,Hoechst,454
Cells_RadialDistribution_ZernikeMagnitude_PM_3_1,0.0,Cells,RadialDistribution,ZernikeMagnitude,PM,455
Nuclei_RadialDistribution_MeanFrac_Hoechst_1of4,0.0,Nuclei,RadialDistribution,MeanFrac,Hoechst,456
Cytoplasm_Correlation_Correlation_ER_PM,0.0,Cytoplasm,Correlation,Correlation,ER,457
Cytoplasm_Texture_InfoMeas2_ER_3_00_256,0.0,Cytoplasm,Texture,InfoMeas2,ER,458
Nuclei_Correlation_Overlap_Actin_Hoechst,0.0,Nuclei,Correlation,Overlap,Actin,459
Cells_RadialDistribution_ZernikeMagnitude_Mitochondria_7_1,0.0,Cells,RadialDistribution,ZernikeMagnitude,Mitochondria,460
Cells_RadialDistribution_RadialCV_PM_2of4,0.0,Cells,RadialDistribution,RadialCV,PM,461
Nuclei_RadialDistribution_ZernikeMagnitude_Hoechst_9_9,0.0,Nuclei,RadialDistribution,ZernikeMagnitude,Hoechst,462
Cells_AreaShape_Zernike_9_7,0.0,Cells,AreaShape,Zernike,9,463
Nuclei_Correlation_K_Hoechst_Mitochondria,0.0,Nuclei,Correlation,K,Hoechst,464
Cells_Correlation_RWC_Actin_ER,0.0,Cells,Correlation,RWC,Actin,465
Cytoplasm_Texture_SumAverage_Hoechst_3_03_256,0.0,Cytoplasm,Texture,SumAverage,Hoechst,466
Nuclei_Correlation_K_PM_Actin,0.0,Nuclei,Correlation,K,PM,467
Cytoplasm_AreaShape_Zernike_8_4,0.0,Cytoplasm,AreaShape,Zernike,8,468
Cytoplasm_Granularity_2_Hoechst,0.0,Cytoplasm,Granularity,2,Hoechst,469
Nuclei_Texture_Contrast_ER_3_00_256,0.0,Nuclei,Texture,Contrast,ER,470
Cytoplasm_RadialDistribution_ZernikeMagnitude_ER_8_0,0.0,Cytoplasm,RadialDistribution,ZernikeMagnitude,ER,471
Cytoplasm_Texture_InfoMeas2_Mitochondria_3_00_256,0.0,Cytoplasm,Texture,InfoMeas2,Mitochondria,472
Nuclei_RadialDistribution_ZernikeMagnitude_ER_2_2,0.0,Nuclei,RadialDistribution,ZernikeMagnitude,ER,473
Nuclei_AreaShape_Zernike_7_3,0.0,Nuclei,AreaShape,Zernike,7,474
Nuclei_RadialDistribution_ZernikeMagnitude_Hoechst_6_6,0.0,Nuclei,RadialDistribution,ZernikeMagnitude,Hoechst,475
Cytoplasm_Texture_Contrast_ER_3_00_256,0.0,Cytoplasm,Texture,Contrast,ER,476
Cytoplasm_Texture_Correlation_Hoechst_3_01_256,0.0,Cytoplasm,Texture,Correlation,Hoechst,477
Cytoplasm_RadialDistribution_FracAtD_PM_4of4,0.0,Cytoplasm,RadialDistribution,FracAtD,PM,478
Cells_AreaShape_Zernike_4_0,0.0,Cells,AreaShape,Zernike,4,479
Cells_RadialDistribution_MeanFrac_ER_3of4,0.0,Cells,RadialDistribution,MeanFrac,ER,480
Cells_Texture_SumAverage_Hoechst_3_00_256,0.0,Cells,Texture,SumAverage,Hoechst,481
Cytoplasm_RadialDistribution_FracAtD_ER_2of4,0.0,Cytoplasm,RadialDistribution,FracAtD,ER,482
Nuclei_RadialDistribution_RadialCV_Mitochondria_4of4,0.0,Nuclei,RadialDistribution,RadialCV,Mitochondria,483
Cytoplasm_RadialDistribution_FracAtD_Actin_3of4,0.0,Cytoplasm,RadialDistribution,FracAtD,Actin,484
Cytoplasm_Texture_DifferenceVariance_PM_3_00_256,0.0,Cytoplasm,Texture,DifferenceVariance,PM,485
Nuclei_Texture_InverseDifferenceMoment_Mitochondria_3_02_256,0.0,Nuclei,Texture,InverseDifferenceMoment,Mitochondria,486
Cytoplasm_RadialDistribution_MeanFrac_PM_1of4,0.0,Cytoplasm,RadialDistribution,MeanFrac,PM,487
Nuclei_RadialDistribution_ZernikeMagnitude_ER_6_2,0.0,Nuclei,RadialDistribution,ZernikeMagnitude,ER,488
Cytoplasm_Texture_InverseDifferenceMoment_Mitochondria_3_02_256,0.0,Cytoplasm,Texture,InverseDifferenceMoment,Mitochondria,489
Nuclei_Intensity_StdIntensityEdge_Actin,0.0,Nuclei,Intensity,StdIntensityEdge,Actin,490
Cytoplasm_RadialDistribution_MeanFrac_Hoechst_1of4,0.0,Cytoplasm,RadialDistribution,MeanFrac,Hoechst,491
Nuclei_RadialDistribution_ZernikeMagnitude_Mitochondria_8_4,0.0,Nuclei,RadialDistribution,ZernikeMagnitude,Mitochondria,492
Nuclei_RadialDistribution_ZernikeMagnitude_Hoechst_9_3,0.0,Nuclei,RadialDistribution,ZernikeMagnitude,Hoechst,493
Cytoplasm_RadialDistribution_FracAtD_Actin_4of4,0.0,Cytoplasm,RadialDistribution,FracAtD,Actin,494
Cytoplasm_Texture_DifferenceEntropy_Mitochondria_3_00_256,0.0,Cytoplasm,Texture,DifferenceEntropy,Mitochondria,495
Cytoplasm_RadialDistribution_ZernikeMagnitude_ER_8_2,0.0,Cytoplasm,RadialDistribution,ZernikeMagnitude,ER,496
Nuclei_RadialDistribution_ZernikeMagnitude_Hoechst_5_5,0.0,Nuclei,RadialDistribution,ZernikeMagnitude,Hoechst,497
Cells_RadialDistribution_FracAtD_Hoechst_3of4,0.0,Cells,RadialDistribution,FracAtD,Hoechst,498
Nuclei_Correlation_Overlap_Actin_ER,0.0,Nuclei,Correlation,Overlap,Actin,499
Nuclei_Correlation_K_PM_Mitochondria,0.0,Nuclei,Correlation,K,PM,500
Nuclei_AreaShape_Zernike_4_4,0.0,Nuclei,AreaShape,Zernike,4,501
Nuclei_Texture_AngularSecondMoment_ER_3_03_256,0.0,Nuclei,Texture,AngularSecondMoment,ER,502
Nuclei_Texture_InfoMeas1_ER_3_01_256,0.0,Nuclei,Texture,InfoMeas1,ER,503
Nuclei_RadialDistribution_ZernikeMagnitude_Actin_5_3,0.0,Nuclei,RadialDistribution,ZernikeMagnitude,Actin,504
Cells_AreaShape_MinFeretDiameter,0.0,Cells,AreaShape,MinFeretDiameter,,505
Cells_Neighbors_AngleBetweenNeighbors_Adjacent,0.0,Cells,Neighbors,AngleBetweenNeighbors,Adjacent,506
Nuclei_Intensity_LowerQuartileIntensity_ER,0.0,Nuclei,Intensity,LowerQuartileIntensity,ER,507
Cells_Correlation_Correlation_Actin_PM,0.0,Cells,Correlation,Correlation,Actin,508
Cytoplasm_Granularity_3_Hoechst,0.0,Cytoplasm,Granularity,3,Hoechst,509
Cytoplasm_RadialDistribution_FracAtD_Mitochondria_1of4,0.0,Cytoplasm,RadialDistribution,FracAtD,Mitochondria,510
Cells_AreaShape_Zernike_5_1,0.0,Cells,AreaShape,Zernike,5,511
Cells_AreaShape_Area,0.0,Cells,AreaShape,Area,,512
Nuclei_Texture_InfoMeas2_Hoechst_3_02_256,0.0,Nuclei,Texture,InfoMeas2,Hoechst,513
Nuclei_Texture_InfoMeas1_Hoechst_3_02_256,0.0,Nuclei,Texture,InfoMeas1,Hoechst,514
Cells_RadialDistribution_ZernikeMagnitude_PM_7_3,0.0,Cells,RadialDistribution,ZernikeMagnitude,PM,515
Nuclei_RadialDistribution_ZernikeMagnitude_Actin_5_5,0.0,Nuclei,RadialDistribution,ZernikeMagnitude,Actin,516
Nuclei_RadialDistribution_FracAtD_Hoechst_4of4,0.0,Nuclei,RadialDistribution,FracAtD,Hoechst,517
Cells_RadialDistribution_ZernikeMagnitude_Hoechst_9_1,0.0,Cells,RadialDistribution,ZernikeMagnitude,Hoechst,518
Nuclei_Correlation_RWC_Mitochondria_Actin,0.0,Nuclei,Correlation,RWC,Mitochondria,519
Cytoplasm_Texture_Contrast_ER_3_02_256,0.0,Cytoplasm,Texture,Contrast,ER,520
Nuclei_AreaShape_Compactness,0.0,Nuclei,AreaShape,Compactness,,521
Cytoplasm_Texture_Correlation_Hoechst_3_02_256,0.0,Cytoplasm,Texture,Correlation,Hoechst,522
Nuclei_Texture_InfoMeas2_Hoechst_3_03_256,0.0,Nuclei,Texture,InfoMeas2,Hoechst,523
Cells_Texture_Correlation_Hoechst_3_00_256,0.0,Cells,Texture,Correlation,Hoechst,524
Cytoplasm_RadialDistribution_FracAtD_ER_1of4,0.0,Cytoplasm,RadialDistribution,FracAtD,ER,525
Cytoplasm_Intensity_IntegratedIntensityEdge_Hoechst,0.0,Cytoplasm,Intensity,IntegratedIntensityEdge,Hoechst,526
Cells_Correlation_RWC_PM_ER,0.0,Cells,Correlation,RWC,PM,527
Nuclei_AreaShape_Zernike_5_3,0.0,Nuclei,AreaShape,Zernike,5,528
Cells_RadialDistribution_RadialCV_Hoechst_3of4,0.0,Cells,RadialDistribution,RadialCV,Hoechst,529
Cells_RadialDistribution_ZernikeMagnitude_PM_7_5,0.0,Cells,RadialDistribution,ZernikeMagnitude,PM,530
Cytoplasm_RadialDistribution_ZernikeMagnitude_Hoechst_9_7,0.0,Cytoplasm,RadialDistribution,ZernikeMagnitude,Hoechst,531
Nuclei_RadialDistribution_FracAtD_PM_4of4,0.0,Nuclei,RadialDistribution,FracAtD,PM,532
Cytoplasm_RadialDistribution_ZernikeMagnitude_Hoechst_0_0,0.0,Cytoplasm,RadialDistribution,ZernikeMagnitude,Hoechst,533
Cytoplasm_RadialDistribution_ZernikeMagnitude_Hoechst_8_2,0.0,Cytoplasm,RadialDistribution,ZernikeMagnitude,Hoechst,534
Cells_RadialDistribution_FracAtD_PM_3of4,0.0,Cells,RadialDistribution,FracAtD,PM,535
Nuclei_RadialDistribution_MeanFrac_ER_2of4,0.0,Nuclei,RadialDistribution,MeanFrac,ER,536
Cells_Granularity_3_Hoechst,0.0,Cells,Granularity,3,Hoechst,537
Cells_RadialDistribution_RadialCV_Mitochondria_3of4,0.0,Cells,RadialDistribution,RadialCV,Mitochondria,538
Nuclei_Intensity_MinIntensity_ER,0.0,Nuclei,Intensity,MinIntensity,ER,539
Cytoplasm_RadialDistribution_ZernikeMagnitude_ER_9_1,0.0,Cytoplasm,RadialDistribution,ZernikeMagnitude,ER,540
Cytoplasm_RadialDistribution_ZernikeMagnitude_ER_7_3,0.0,Cytoplasm,RadialDistribution,ZernikeMagnitude,ER,541
Cells_RadialDistribution_ZernikeMagnitude_ER_9_7,0.0,Cells,RadialDistribution,ZernikeMagnitude,ER,542
Nuclei_Texture_Correlation_PM_3_01_256,0.0,Nuclei,Texture,Correlation,PM,543
Cells_RadialDistribution_RadialCV_Hoechst_4of4,0.0,Cells,RadialDistribution,RadialCV,Hoechst,544
Nuclei_RadialDistribution_ZernikeMagnitude_PM_6_2,0.0,Nuclei,RadialDistribution,ZernikeMagnitude,PM,545
Cytoplasm_RadialDistribution_MeanFrac_Hoechst_4of4,0.0,Cytoplasm,RadialDistribution,MeanFrac,Hoechst,546
Cells_RadialDistribution_FracAtD_PM_2of4,0.0,Cells,RadialDistribution,FracAtD,PM,547
Cytoplasm_Texture_Correlation_Mitochondria_3_01_256,0.0,Cytoplasm,Texture,Correlation,Mitochondria,548
Cytoplasm_Correlation_Correlation_Mitochondria_PM,0.0,Cytoplasm,Correlation,Correlation,Mitochondria,549
Cells_RadialDistribution_ZernikeMagnitude_PM_6_2,0.0,Cells,RadialDistribution,ZernikeMagnitude,PM,550
Nuclei_Intensity_MaxIntensityEdge_PM,0.0,Nuclei,Intensity,MaxIntensityEdge,PM,551
Cytoplasm_RadialDistribution_ZernikeMagnitude_PM_5_3,0.0,Cytoplasm,RadialDistribution,ZernikeMagnitude,PM,552
Nuclei_AreaShape_Zernike_2_2,0.0,Nuclei,AreaShape,Zernike,2,553
Nuclei_Texture_InfoMeas1_Hoechst_3_00_256,0.0,Nuclei,Texture,InfoMeas1,Hoechst,554
Nuclei_RadialDistribution_FracAtD_ER_4of4,0.0,Nuclei,RadialDistribution,FracAtD,ER,555
Cells_Intensity_MaxIntensityEdge_PM,0.0,Cells,Intensity,MaxIntensityEdge,PM,556
Cells_RadialDistribution_ZernikeMagnitude_Actin_9_1,0.0,Cells,RadialDistribution,ZernikeMagnitude,Actin,557
Cytoplasm_RadialDistribution_MeanFrac_Mitochondria_3of4,0.0,Cytoplasm,RadialDistribution,MeanFrac,Mitochondria,558
Cells_Granularity_1_Hoechst,0.0,Cells,Granularity,1,Hoechst,559
Nuclei_Correlation_RWC_Hoechst_Mitochondria,0.0,Nuclei,Correlation,RWC,Hoechst,560
Cytoplasm_RadialDistribution_FracAtD_Hoechst_1of4,0.0,Cytoplasm,RadialDistribution,FracAtD,Hoechst,561
Cytoplasm_Texture_InverseDifferenceMoment_Mitochondria_3_01_256,0.0,Cytoplasm,Texture,InverseDifferenceMoment,Mitochondria,562
Cells_RadialDistribution_MeanFrac_Hoechst_3of4,0.0,Cells,RadialDistribution,MeanFrac,Hoechst,563
Cytoplasm_RadialDistribution_ZernikeMagnitude_PM_7_5,0.0,Cytoplasm,RadialDistribution,ZernikeMagnitude,PM,564
Cytoplasm_RadialDistribution_RadialCV_Mitochondria_2of4,0.0,Cytoplasm,RadialDistribution,RadialCV,Mitochondria,565
Cells_RadialDistribution_RadialCV_ER_4of4,0.0,Cells,RadialDistribution,RadialCV,ER,566
Nuclei_Texture_Correlation_Hoechst_3_00_256,0.0,Nuclei,Texture,Correlation,Hoechst,567
Cytoplasm_Texture_InfoMeas1_ER_3_03_256,0.0,Cytoplasm,Texture,InfoMeas1,ER,568
Nuclei_Intensity_IntegratedIntensityEdge_PM,0.0,Nuclei,Intensity,IntegratedIntensityEdge,PM,569
Cytoplasm_Texture_DifferenceEntropy_Mitochondria_3_03_256,0.0,Cytoplasm,Texture,DifferenceEntropy,Mitochondria,570
Nuclei_Correlation_Correlation_ER_Hoechst,0.0,Nuclei,Correlation,Correlation,ER,571
Cytoplasm_RadialDistribution_FracAtD_Mitochondria_3of4,0.0,Cytoplasm,RadialDistribution,FracAtD,Mitochondria,572
Cytoplasm_RadialDistribution_ZernikeMagnitude_Mitochondria_7_3,0.0,Cytoplasm,RadialDistribution,ZernikeMagnitude,Mitochondria,573
Cytoplasm_Texture_InfoMeas1_ER_3_02_256,0.0,Cytoplasm,Texture,InfoMeas1,ER,574
Nuclei_RadialDistribution_ZernikeMagnitude_Mitochondria_3_3,0.0,Nuclei,RadialDistribution,ZernikeMagnitude,Mitochondria,575
Nuclei_AreaShape_Zernike_5_1,0.0,Nuclei,AreaShape,Zernike,5,576
Cells_AreaShape_Zernike_6_2,0.0,Cells,AreaShape,Zernike,6,577
Nuclei_Granularity_1_PM,0.0,Nuclei,Granularity,1,PM,578
Cytoplasm_Texture_InfoMeas1_Hoechst_3_03_256,0.0,Cytoplasm,Texture,InfoMeas1,Hoechst,579
Cells_RadialDistribution_RadialCV_PM_1of4,0.0,Cells,RadialDistribution,RadialCV,PM,580
Cytoplasm_Granularity_1_PM,0.0,Cytoplasm,Granularity,1,PM,581
Nuclei_Intensity_MADIntensity_Mitochondria,0.0,Nuclei,Intensity,MADIntensity,Mitochondria,582
Nuclei_AreaShape_Zernike_7_5,0.0,Nuclei,AreaShape,Zernike,7,583
Cells_RadialDistribution_ZernikeMagnitude_ER_7_1,0.0,Cells,RadialDistribution,ZernikeMagnitude,ER,584
Cytoplasm_RadialDistribution_ZernikeMagnitude_PM_9_1,0.0,Cytoplasm,RadialDistribution,ZernikeMagnitude,PM,585
Cytoplasm_RadialDistribution_MeanFrac_ER_3of4,0.0,Cytoplasm,RadialDistribution,MeanFrac,ER,586
Nuclei_Texture_SumVariance_PM_3_01_256,0.0,Nuclei,Texture,SumVariance,PM,587
Cells_Texture_AngularSecondMoment_ER_3_03_256,0.0,Cells,Texture,AngularSecondMoment,ER,588
Cytoplasm_Texture_Correlation_Hoechst_3_03_256,0.0,Cytoplasm,Texture,Correlation,Hoechst,589
Cells_RadialDistribution_ZernikeMagnitude_Hoechst_9_9,0.0,Cells,RadialDistribution,ZernikeMagnitude,Hoechst,590
Cytoplasm_Texture_InverseDifferenceMoment_Mitochondria_3_03_256,0.0,Cytoplasm,Texture,InverseDifferenceMoment,Mitochondria,591
Nuclei_RadialDistribution_ZernikeMagnitude_Hoechst_8_4,0.0,Nuclei,RadialDistribution,ZernikeMagnitude,Hoechst,592
Nuclei_Intensity_MassDisplacement_PM,0.0,Nuclei,Intensity,MassDisplacement,PM,593
Nuclei_Intensity_LowerQuartileIntensity_Actin,0.0,Nuclei,Intensity,LowerQuartileIntensity,Actin,594
Cells_Texture_Correlation_Hoechst_3_03_256,0.0,Cells,Texture,Correlation,Hoechst,595
Cytoplasm_Texture_Correlation_Hoechst_3_00_256,0.0,Cytoplasm,Texture,Correlation,Hoechst,596
Nuclei_RadialDistribution_ZernikeMagnitude_ER_7_7,0.0,Nuclei,RadialDistribution,ZernikeMagnitude,ER,597
Cells_Granularity_2_Hoechst,0.0,Cells,Granularity,2,Hoechst,598
Cells_Correlation_RWC_Mitochondria_Hoechst,0.0,Cells,Correlation,RWC,Mitochondria,599
Cytoplasm_RadialDistribution_ZernikeMagnitude_PM_5_1,0.0,Cytoplasm,RadialDistribution,ZernikeMagnitude,PM,600
Nuclei_RadialDistribution_ZernikeMagnitude_PM_8_2,0.0,Nuclei,RadialDistribution,ZernikeMagnitude,PM,601
Cells_RadialDistribution_ZernikeMagnitude_PM_6_0,0.0,Cells,RadialDistribution,ZernikeMagnitude,PM,602
Nuclei_AreaShape_FormFactor,0.0,Nuclei,AreaShape,FormFactor,,603
Cells_RadialDistribution_ZernikeMagnitude_Mitochondria_5_5,0.0,Cells,RadialDistribution,ZernikeMagnitude,Mitochondria,604
Cells_RadialDistribution_ZernikeMagnitude_Actin_6_6,0.0,Cells,RadialDistribution,ZernikeMagnitude,Actin,605
Cytoplasm_RadialDistribution_ZernikeMagnitude_PM_2_0,0.0,Cytoplasm,RadialDistribution,ZernikeMagnitude,PM,606
Cytoplasm_RadialDistribution_ZernikeMagnitude_ER_2_0,0.0,Cytoplasm,RadialDistribution,ZernikeMagnitude,ER,607
Nuclei_Texture_InfoMeas1_ER_3_02_256,0.0,Nuclei,Texture,InfoMeas1,ER,608
Nuclei_Texture_SumVariance_ER_3_01_256,0.0,Nuclei,Texture,SumVariance,ER,609
Cells_Granularity_2_PM,0.0,Cells,Granularity,2,PM,610
Nuclei_Texture_InfoMeas2_Mitochondria_3_02_256,0.0,Nuclei,Texture,InfoMeas2,Mitochondria,611
Cells_RadialDistribution_ZernikeMagnitude_PM_4_0,0.0,Cells,RadialDistribution,ZernikeMagnitude,PM,612
Nuclei_Correlation_K_Mitochondria_ER,0.0,Nuclei,Correlation,K,Mitochondria,613
Cytoplasm_RadialDistribution_ZernikeMagnitude_Mitochondria_5_3,0.0,Cytoplasm,RadialDistribution,ZernikeMagnitude,Mitochondria,614
Nuclei_Correlation_Overlap_ER_Mitochondria,0.0,Nuclei,Correlation,Overlap,ER,615
Nuclei_RadialDistribution_FracAtD_Hoechst_1of4,0.0,Nuclei,RadialDistribution,FracAtD,Hoechst,616
Cells_Correlation_Manders_Hoechst_Actin,0.0,Cells,Correlation,Manders,Hoechst,617
Cytoplasm_RadialDistribution_MeanFrac_ER_2of4,0.0,Cytoplasm,RadialDistribution,MeanFrac,ER,618
Cytoplasm_Intensity_MaxIntensity_PM,0.0,Cytoplasm,Intensity,MaxIntensity,PM,619
Nuclei_Texture_InfoMeas1_Hoechst_3_01_256,0.0,Nuclei,Texture,InfoMeas1,Hoechst,620
Cytoplasm_RadialDistribution_ZernikeMagnitude_ER_6_4,0.0,Cytoplasm,RadialDistribution,ZernikeMagnitude,ER,621
Cells_RadialDistribution_ZernikeMagnitude_Actin_7_5,0.0,Cells,RadialDistribution,ZernikeMagnitude,Actin,622
Nuclei_AreaShape_Zernike_6_0,0.0,Nuclei,AreaShape,Zernike,6,623
Cells_Correlation_Manders_Hoechst_PM,0.0,Cells,Correlation,Manders,Hoechst,624
Cells_AreaShape_Zernike_6_0,0.0,Cells,AreaShape,Zernike,6,625
Nuclei_RadialDistribution_ZernikeMagnitude_ER_7_5,0.0,Nuclei,RadialDistribution,ZernikeMagnitude,ER,626
Nuclei_RadialDistribution_ZernikeMagnitude_ER_8_4,0.0,Nuclei,RadialDistribution,ZernikeMagnitude,ER,627
Nuclei_Neighbors_FirstClosestDistance_Adjacent,0.0,Nuclei,Neighbors,FirstClosestDistance,Adjacent,628
Nuclei_RadialDistribution_ZernikeMagnitude_Hoechst_7_3,0.0,Nuclei,RadialDistribution,ZernikeMagnitude,Hoechst,629
Nuclei_RadialDistribution_ZernikeMagnitude_Mitochondria_8_0,0.0,Nuclei,RadialDistribution,ZernikeMagnitude,Mitochondria,630
Cytoplasm_RadialDistribution_ZernikeMagnitude_PM_5_5,0.0,Cytoplasm,RadialDistribution,ZernikeMagnitude,PM,631
Cytoplasm_Texture_InfoMeas1_Hoechst_3_02_256,0.0,Cytoplasm,Texture,InfoMeas1,Hoechst,632
Cytoplasm_RadialDistribution_MeanFrac_ER_4of4,0.0,Cytoplasm,RadialDistribution,MeanFrac,ER,633
Cytoplasm_Texture_DifferenceVariance_ER_3_03_256,0.0,Cytoplasm,Texture,DifferenceVariance,ER,634
Nuclei_RadialDistribution_ZernikeMagnitude_ER_6_0,0.0,Nuclei,RadialDistribution,ZernikeMagnitude,ER,635
Cells_RadialDistribution_ZernikeMagnitude_PM_9_9,0.0,Cells,RadialDistribution,ZernikeMagnitude,PM,636
Cytoplasm_AreaShape_MaximumRadius,0.0,Cytoplasm,AreaShape,MaximumRadius,,637
Nuclei_Intensity_MedianIntensity_Hoechst,0.0,Nuclei,Intensity,MedianIntensity,Hoechst,638
Cytoplasm_Texture_SumVariance_ER_3_01_256,0.0,Cytoplasm,Texture,SumVariance,ER,639
Cells_RadialDistribution_ZernikeMagnitude_Mitochondria_7_7,0.0,Cells,RadialDistribution,ZernikeMagnitude,Mitochondria,640
Nuclei_RadialDistribution_FracAtD_PM_2of4,0.0,Nuclei,RadialDistribution,FracAtD,PM,641
Nuclei_RadialDistribution_ZernikeMagnitude_PM_9_3,0.0,Nuclei,RadialDistribution,ZernikeMagnitude,PM,642
Cytoplasm_RadialDistribution_RadialCV_PM_4of4,0.0,Cytoplasm,RadialDistribution,RadialCV,PM,643
Nuclei_AreaShape_Zernike_8_6,0.0,Nuclei,AreaShape,Zernike,8,644
Nuclei_RadialDistribution_ZernikeMagnitude_PM_5_3,0.0,Nuclei,RadialDistribution,ZernikeMagnitude,PM,645
Cytoplasm_Texture_Correlation_ER_3_01_256,0.0,Cytoplasm,Texture,Correlation,ER,646
Cells_Intensity_StdIntensityEdge_PM,0.0,Cells,Intensity,StdIntensityEdge,PM,647
Cytoplasm_RadialDistribution_ZernikeMagnitude_ER_6_2,0.0,Cytoplasm,RadialDistribution,ZernikeMagnitude,ER,648
Cytoplasm_AreaShape_Zernike_9_1,0.0,Cytoplasm,AreaShape,Zernike,9,649
Nuclei_RadialDistribution_ZernikeMagnitude_ER_9_3,0.0,Nuclei,RadialDistribution,ZernikeMagnitude,ER,650
Nuclei_RadialDistribution_ZernikeMagnitude_Hoechst_4_4,0.0,Nuclei,RadialDistribution,ZernikeMagnitude,Hoechst,651
Cells_Correlation_Correlation_ER_Hoechst,0.0,Cells,Correlation,Correlation,ER,652
Nuclei_AreaShape_Zernike_6_4,0.0,Nuclei,AreaShape,Zernike,6,653
Nuclei_Correlation_RWC_Hoechst_ER,0.0,Nuclei,Correlation,RWC,Hoechst,654
Nuclei_RadialDistribution_MeanFrac_Actin_2of4,0.0,Nuclei,RadialDistribution,MeanFrac,Actin,655
Nuclei_AreaShape_Zernike_7_7,0.0,Nuclei,AreaShape,Zernike,7,656
Nuclei_RadialDistribution_ZernikeMagnitude_PM_8_4,0.0,Nuclei,RadialDistribution,ZernikeMagnitude,PM,657
Cytoplasm_Texture_DifferenceEntropy_ER_3_01_256,0.0,Cytoplasm,Texture,DifferenceEntropy,ER,658
Nuclei_Correlation_Overlap_Hoechst_PM,0.0,Nuclei,Correlation,Overlap,Hoechst,659
Nuclei_Texture_InfoMeas1_Mitochondria_3_03_256,0.0,Nuclei,Texture,InfoMeas1,Mitochondria,660
Nuclei_RadialDistribution_ZernikeMagnitude_ER_5_3,0.0,Nuclei,RadialDistribution,ZernikeMagnitude,ER,661
Cytoplasm_RadialDistribution_RadialCV_Mitochondria_1of4,0.0,Cytoplasm,RadialDistribution,RadialCV,Mitochondria,662
Nuclei_Texture_InfoMeas1_ER_3_00_256,0.0,Nuclei,Texture,InfoMeas1,ER,663
Cells_RadialDistribution_ZernikeMagnitude_Mitochondria_9_3,0.0,Cells,RadialDistribution,ZernikeMagnitude,Mitochondria,664
Cells_RadialDistribution_MeanFrac_Actin_1of4,0.0,Cells,RadialDistribution,MeanFrac,Actin,665
Nuclei_RadialDistribution_ZernikeMagnitude_PM_3_1,0.0,Nuclei,RadialDistribution,ZernikeMagnitude,PM,666
Cytoplasm_RadialDistribution_MeanFrac_Actin_4of4,0.0,Cytoplasm,RadialDistribution,MeanFrac,Actin,667
Nuclei_RadialDistribution_ZernikeMagnitude_PM_9_7,0.0,Nuclei,RadialDistribution,ZernikeMagnitude,PM,668
Cells_RadialDistribution_RadialCV_Mitochondria_2of4,0.0,Cells,RadialDistribution,RadialCV,Mitochondria,669
Nuclei_Texture_Contrast_PM_3_02_256,0.0,Nuclei,Texture,Contrast,PM,670
Cells_RadialDistribution_ZernikeMagnitude_PM_8_2,0.0,Cells,RadialDistribution,ZernikeMagnitude,PM,671
Nuclei_Correlation_K_Mitochondria_Hoechst,0.0,Nuclei,Correlation,K,Mitochondria,672
Cytoplasm_Texture_Contrast_Actin_3_02_256,0.0,Cytoplasm,Texture,Contrast,Actin,673
Nuclei_Correlation_K_ER_Mitochondria,0.0,Nuclei,Correlation,K,ER,674
Nuclei_Correlation_RWC_Mitochondria_PM,0.0,Nuclei,Correlation,RWC,Mitochondria,675
Cytoplasm_AreaShape_Zernike_6_0,0.0,Cytoplasm,AreaShape,Zernike,6,676
Nuclei_Texture_Correlation_Hoechst_3_03_256,0.0,Nuclei,Texture,Correlation,Hoechst,677
Cells_RadialDistribution_ZernikeMagnitude_Hoechst_9_3,0.0,Cells,RadialDistribution,ZernikeMagnitude,Hoechst,678
Nuclei_Texture_InfoMeas2_Hoechst_3_01_256,0.0,Nuclei,Texture,InfoMeas2,Hoechst,679
Cells_RadialDistribution_ZernikeMagnitude_PM_9_1,0.0,Cells,RadialDistribution,ZernikeMagnitude,PM,680
Cytoplasm_RadialDistribution_ZernikeMagnitude_PM_2_2,0.0,Cytoplasm,RadialDistribution,ZernikeMagnitude,PM,681
Cells_RadialDistribution_RadialCV_Hoechst_2of4,0.0,Cells,RadialDistribution,RadialCV,Hoechst,682
Cytoplasm_Intensity_MaxIntensity_Hoechst,0.0,Cytoplasm,Intensity,MaxIntensity,Hoechst,683
Nuclei_AreaShape_Zernike_9_1,0.0,Nuclei,AreaShape,Zernike,9,684
Nuclei_RadialDistribution_ZernikeMagnitude_ER_4_0,0.0,Nuclei,RadialDistribution,ZernikeMagnitude,ER,685
Cells_RadialDistribution_ZernikeMagnitude_Mitochondria_8_4,0.0,Cells,RadialDistribution,ZernikeMagnitude,Mitochondria,686
Nuclei_AreaShape_Zernike_3_3,0.0,Nuclei,AreaShape,Zernike,3,687
Cytoplasm_Intensity_StdIntensityEdge_ER,0.0,Cytoplasm,Intensity,StdIntensityEdge,ER,688
Cells_RadialDistribution_RadialCV_Hoechst_1of4,0.0,Cells,RadialDistribution,RadialCV,Hoechst,689
Nuclei_Correlation_RWC_Mitochondria_ER,0.0,Nuclei,Correlation,RWC,Mitochondria,690
Cytoplasm_Texture_Entropy_ER_3_03_256,0.0,Cytoplasm,Texture,Entropy,ER,691
Cytoplasm_AreaShape_Zernike_7_5,0.0,Cytoplasm,AreaShape,Zernike,7,692
Cells_RadialDistribution_ZernikeMagnitude_PM_9_7,0.0,Cells,RadialDistribution,ZernikeMagnitude,PM,693
Cytoplasm_RadialDistribution_ZernikeMagnitude_Hoechst_9_3,0.0,Cytoplasm,RadialDistribution,ZernikeMagnitude,Hoechst,694
Cytoplasm_RadialDistribution_ZernikeMagnitude_ER_3_3,0.0,Cytoplasm,RadialDistribution,ZernikeMagnitude,ER,695
Cells_RadialDistribution_ZernikeMagnitude_PM_8_6,0.0,Cells,RadialDistribution,ZernikeMagnitude,PM,696
Cytoplasm_RadialDistribution_RadialCV_Hoechst_3of4,0.0,Cytoplasm,RadialDistribution,RadialCV,Hoechst,697
Cells_RadialDistribution_ZernikeMagnitude_Mitochondria_4_4,0.0,Cells,RadialDistribution,ZernikeMagnitude,Mitochondria,698
Nuclei_AreaShape_Zernike_2_0,0.0,Nuclei,AreaShape,Zernike,2,699
Nuclei_RadialDistribution_ZernikeMagnitude_Hoechst_3_1,0.0,Nuclei,RadialDistribution,ZernikeMagnitude,Hoechst,700
Cytoplasm_RadialDistribution_ZernikeMagnitude_ER_7_1,0.0,Cytoplasm,RadialDistribution,ZernikeMagnitude,ER,701
Nuclei_Correlation_Overlap_Mitochondria_PM,0.0,Nuclei,Correlation,Overlap,Mitochondria,702
Cytoplasm_Granularity_1_ER,0.0,Cytoplasm,Granularity,1,ER,703
Cytoplasm_Texture_DifferenceEntropy_ER_3_00_256,0.0,Cytoplasm,Texture,DifferenceEntropy,ER,704
Nuclei_RadialDistribution_ZernikeMagnitude_Actin_2_0,0.0,Nuclei,RadialDistribution,ZernikeMagnitude,Actin,705
Nuclei_Correlation_RWC_Hoechst_Actin,0.0,Nuclei,Correlation,RWC,Hoechst,706
Cells_AreaShape_Zernike_3_3,0.0,Cells,AreaShape,Zernike,3,707
Nuclei_Correlation_K_PM_Hoechst,0.0,Nuclei,Correlation,K,PM,708
Cytoplasm_Intensity_StdIntensity_PM,0.0,Cytoplasm,Intensity,StdIntensity,PM,709
Cytoplasm_Correlation_K_Mitochondria_ER,0.0,Cytoplasm,Correlation,K,Mitochondria,710
Cytoplasm_RadialDistribution_ZernikeMagnitude_Mitochondria_2_2,0.0,Cytoplasm,RadialDistribution,ZernikeMagnitude,Mitochondria,711
Cytoplasm_Intensity_MeanIntensityEdge_Hoechst,0.0,Cytoplasm,Intensity,MeanIntensityEdge,Hoechst,712
Cells_RadialDistribution_ZernikeMagnitude_PM_5_3,0.0,Cells,RadialDistribution,ZernikeMagnitude,PM,713
Cytoplasm_RadialDistribution_ZernikeMagnitude_ER_1_1,0.0,Cytoplasm,RadialDistribution,ZernikeMagnitude,ER,714
Nuclei_RadialDistribution_RadialCV_ER_3of4,0.0,Nuclei,RadialDistribution,RadialCV,ER,715
Cytoplasm_RadialDistribution_ZernikeMagnitude_Hoechst_9_1,0.0,Cytoplasm,RadialDistribution,ZernikeMagnitude,Hoechst,716
Nuclei_AreaShape_Solidity,0.0,Nuclei,AreaShape,Solidity,,717
Cells_RadialDistribution_FracAtD_Hoechst_2of4,0.0,Cells,RadialDistribution,FracAtD,Hoechst,718
Cytoplasm_RadialDistribution_ZernikeMagnitude_ER_6_0,0.0,Cytoplasm,RadialDistribution,ZernikeMagnitude,ER,719
Cells_RadialDistribution_ZernikeMagnitude_ER_9_3,0.0,Cells,RadialDistribution,ZernikeMagnitude,ER,720
Cytoplasm_AreaShape_Zernike_2_0,0.0,Cytoplasm,AreaShape,Zernike,2,721
Cytoplasm_RadialDistribution_FracAtD_PM_2of4,0.0,Cytoplasm,RadialDistribution,FracAtD,PM,722
Cytoplasm_Intensity_MaxIntensityEdge_PM,0.0,Cytoplasm,Intensity,MaxIntensityEdge,PM,723
Cytoplasm_RadialDistribution_ZernikeMagnitude_Mitochondria_6_4,0.0,Cytoplasm,RadialDistribution,ZernikeMagnitude,Mitochondria,724
Cytoplasm_RadialDistribution_MeanFrac_Hoechst_3of4,0.0,Cytoplasm,RadialDistribution,MeanFrac,Hoechst,725
Cytoplasm_RadialDistribution_ZernikeMagnitude_Hoechst_5_3,0.0,Cytoplasm,RadialDistribution,ZernikeMagnitude,Hoechst,726
Cells_Texture_AngularSecondMoment_Hoechst_3_02_256,0.0,Cells,Texture,AngularSecondMoment,Hoechst,727
Cytoplasm_Texture_InfoMeas1_Hoechst_3_01_256,0.0,Cytoplasm,Texture,InfoMeas1,Hoechst,728
Nuclei_Intensity_MADIntensity_Actin,0.0,Nuclei,Intensity,MADIntensity,Actin,729
Cytoplasm_RadialDistribution_FracAtD_PM_1of4,0.0,Cytoplasm,RadialDistribution,FracAtD,PM,730
Nuclei_RadialDistribution_RadialCV_Actin_4of4,0.0,Nuclei,RadialDistribution,RadialCV,Actin,731
Cytoplasm_Texture_Correlation_ER_3_03_256,0.0,Cytoplasm,Texture,Correlation,ER,732
Cells_RadialDistribution_MeanFrac_PM_4of4,0.0,Cells,RadialDistribution,MeanFrac,PM,733
Cells_RadialDistribution_FracAtD_Actin_4of4,0.0,Cells,RadialDistribution,FracAtD,Actin,734
Nuclei_RadialDistribution_RadialCV_Hoechst_3of4,0.0,Nuclei,RadialDistribution,RadialCV,Hoechst,735
Cells_RadialDistribution_ZernikeMagnitude_ER_8_2,0.0,Cells,RadialDistribution,ZernikeMagnitude,ER,736
Nuclei_RadialDistribution_MeanFrac_ER_1of4,0.0,Nuclei,RadialDistribution,MeanFrac,ER,737
Cells_AreaShape_Zernike_5_5,0.0,Cells,AreaShape,Zernike,5,738
Nuclei_Neighbors_AngleBetweenNeighbors_Adjacent,0.0,Nuclei,Neighbors,AngleBetweenNeighbors,Adjacent,739
Cells_RadialDistribution_MeanFrac_PM_2of4,0.0,Cells,RadialDistribution,MeanFrac,PM,740
Nuclei_AreaShape_Zernike_9_5,0.0,Nuclei,AreaShape,Zernike,9,741
Nuclei_Correlation_K_ER_Hoechst,0.0,Nuclei,Correlation,K,ER,742
Cells_Texture_InfoMeas2_PM_3_01_256,0.0,Cells,Texture,InfoMeas2,PM,743
Nuclei_RadialDistribution_ZernikeMagnitude_Actin_6_2,0.0,Nuclei,RadialDistribution,ZernikeMagnitude,Actin,744
Nuclei_RadialDistribution_ZernikeMagnitude_ER_3_3,0.0,Nuclei,RadialDistribution,ZernikeMagnitude,ER,745
Cytoplasm_RadialDistribution_FracAtD_PM_3of4,0.0,Cytoplasm,RadialDistribution,FracAtD,PM,746
Nuclei_RadialDistribution_ZernikeMagnitude_Hoechst_6_0,0.0,Nuclei,RadialDistribution,ZernikeMagnitude,Hoechst,747
Cytoplasm_RadialDistribution_RadialCV_PM_1of4,0.0,Cytoplasm,RadialDistribution,RadialCV,PM,748
Nuclei_RadialDistribution_RadialCV_Hoechst_1of4,0.0,Nuclei,RadialDistribution,RadialCV,Hoechst,749
Nuclei_Correlation_Overlap_Hoechst_Mitochondria,0.0,Nuclei,Correlation,Overlap,Hoechst,750
Cytoplasm_RadialDistribution_ZernikeMagnitude_Hoechst_4_2,0.0,Cytoplasm,RadialDistribution,ZernikeMagnitude,Hoechst,751
Cytoplasm_RadialDistribution_RadialCV_Hoechst_2of4,0.0,Cytoplasm,RadialDistribution,RadialCV,Hoechst,752
Cytoplasm_Correlation_Correlation_Hoechst_PM,0.0,Cytoplasm,Correlation,Correlation,Hoechst,753
Nuclei_RadialDistribution_ZernikeMagnitude_PM_9_9,0.0,Nuclei,RadialDistribution,ZernikeMagnitude,PM,754
Nuclei_RadialDistribution_ZernikeMagnitude_Hoechst_5_3,0.0,Nuclei,RadialDistribution,ZernikeMagnitude,Hoechst,755
Nuclei_Intensity_MaxIntensity_PM,0.0,Nuclei,Intensity,MaxIntensity,PM,756
Nuclei_Texture_InfoMeas2_Mitochondria_3_00_256,0.0,Nuclei,Texture,InfoMeas2,Mitochondria,757
Cytoplasm_AreaShape_Zernike_7_1,0.0,Cytoplasm,AreaShape,Zernike,7,758
Nuclei_RadialDistribution_ZernikeMagnitude_ER_4_2,0.0,Nuclei,RadialDistribution,ZernikeMagnitude,ER,759
Cytoplasm_RadialDistribution_ZernikeMagnitude_Hoechst_6_2,0.0,Cytoplasm,RadialDistribution,ZernikeMagnitude,Hoechst,760
Nuclei_Texture_DifferenceEntropy_ER_3_00_256,0.0,Nuclei,Texture,DifferenceEntropy,ER,761
Nuclei_RadialDistribution_ZernikeMagnitude_Hoechst_8_6,0.0,Nuclei,RadialDistribution,ZernikeMagnitude,Hoechst,762
Nuclei_RadialDistribution_ZernikeMagnitude_PM_4_4,0.0,Nuclei,RadialDistribution,ZernikeMagnitude,PM,763
Cytoplasm_RadialDistribution_ZernikeMagnitude_Mitochondria_6_2,0.0,Cytoplasm,RadialDistribution,ZernikeMagnitude,Mitochondria,764
Nuclei_Correlation_RWC_PM_Hoechst,0.0,Nuclei,Correlation,RWC,PM,765
Cytoplasm_Texture_Correlation_PM_3_01_256,0.0,Cytoplasm,Texture,Correlation,PM,766
Cytoplasm_Texture_Correlation_ER_3_00_256,0.0,Cytoplasm,Texture,Correlation,ER,767
Nuclei_RadialDistribution_ZernikeMagnitude_Mitochondria_2_2,0.0,Nuclei,RadialDistribution,ZernikeMagnitude,Mitochondria,768
Cytoplasm_RadialDistribution_ZernikeMagnitude_Hoechst_7_3,0.0,Cytoplasm,RadialDistribution,ZernikeMagnitude,Hoechst,769
Cytoplasm_Texture_InfoMeas1_PM_3_03_256,0.0,Cytoplasm,Texture,InfoMeas1,PM,770
Cytoplasm_Intensity_MassDisplacement_Mitochondria,0.0,Cytoplasm,Intensity,MassDisplacement,Mitochondria,771
Nuclei_AreaShape_Zernike_0_0,0.0,Nuclei,AreaShape,Zernike,0,772
Cytoplasm_RadialDistribution_ZernikeMagnitude_PM_1_1,0.0,Cytoplasm,RadialDistribution,ZernikeMagnitude,PM,773
Nuclei_RadialDistribution_ZernikeMagnitude_Mitochondria_6_2,0.0,Nuclei,RadialDistribution,ZernikeMagnitude,Mitochondria,774
Cytoplasm_RadialDistribution_RadialCV_Actin_3of4,0.0,Cytoplasm,RadialDistribution,RadialCV,Actin,775
Cells_RadialDistribution_ZernikeMagnitude_ER_9_9,0.0,Cells,RadialDistribution,ZernikeMagnitude,ER,776
Nuclei_Texture_Correlation_Mitochondria_3_00_256,0.0,Nuclei,Texture,Correlation,Mitochondria,777
Cytoplasm_Texture_DifferenceEntropy_Mitochondria_3_02_256,0.0,Cytoplasm,Texture,DifferenceEntropy,Mitochondria,778
Nuclei_Texture_InfoMeas1_ER_3_03_256,0.0,Nuclei,Texture,InfoMeas1,ER,779
Nuclei_Correlation_RWC_ER_Hoechst,0.0,Nuclei,Correlation,RWC,ER,780
Nuclei_RadialDistribution_ZernikeMagnitude_Actin_2_2,0.0,Nuclei,RadialDistribution,ZernikeMagnitude,Actin,781
Nuclei_AreaShape_Zernike_8_8,0.0,Nuclei,AreaShape,Zernike,8,782
Nuclei_RadialDistribution_RadialCV_PM_4of4,0.0,Nuclei,RadialDistribution,RadialCV,PM,783
Cells_RadialDistribution_MeanFrac_Actin_2of4,0.0,Cells,RadialDistribution,MeanFrac,Actin,784
Cytoplasm_Correlation_RWC_Hoechst_Mitochondria,0.0,Cytoplasm,Correlation,RWC,Hoechst,785
Cytoplasm_RadialDistribution_MeanFrac_Mitochondria_1of4,0.0,Cytoplasm,RadialDistribution,MeanFrac,Mitochondria,786
Nuclei_Texture_Correlation_Mitochondria_3_03_256,0.0,Nuclei,Texture,Correlation,Mitochondria,787
Nuclei_AreaShape_Zernike_4_0,0.0,Nuclei,AreaShape,Zernike,4,788
Cytoplasm_RadialDistribution_ZernikeMagnitude_PM_3_3,0.0,Cytoplasm,RadialDistribution,ZernikeMagnitude,PM,789
Cytoplasm_RadialDistribution_ZernikeMagnitude_Hoechst_8_0,0.0,Cytoplasm,RadialDistribution,ZernikeMagnitude,Hoechst,790
Cytoplasm_RadialDistribution_ZernikeMagnitude_Mitochondria_8_6,0.0,Cytoplasm,RadialDistribution,ZernikeMagnitude,Mitochondria,791
Cytoplasm_RadialDistribution_MeanFrac_Mitochondria_2of4,0.0,Cytoplasm,RadialDistribution,MeanFrac,Mitochondria,792
Nuclei_RadialDistribution_ZernikeMagnitude_Mitochondria_3_1,0.0,Nuclei,RadialDistribution,ZernikeMagnitude,Mitochondria,793
Cytoplasm_Intensity_StdIntensityEdge_Mitochondria,0.0,Cytoplasm,Intensity,StdIntensityEdge,Mitochondria,794
Nuclei_Texture_InfoMeas2_Hoechst_3_00_256,0.0,Nuclei,Texture,InfoMeas2,Hoechst,795
Cells_AreaShape_Zernike_9_9,0.0,Cells,AreaShape,Zernike,9,796
Cytoplasm_RadialDistribution_ZernikeMagnitude_Mitochondria_4_0,0.0,Cytoplasm,RadialDistribution,ZernikeMagnitude,Mitochondria,797
Cytoplasm_RadialDistribution_RadialCV_ER_3of4,0.0,Cytoplasm,RadialDistribution,RadialCV,ER,798
Cytoplasm_RadialDistribution_ZernikeMagnitude_Mitochondria_2_0,0.0,Cytoplasm,RadialDistribution,ZernikeMagnitude,Mitochondria,799
Nuclei_Correlation_K_Actin_ER,0.0,Nuclei,Correlation,K,Actin,800
Cytoplasm_Texture_InfoMeas2_Hoechst_3_03_256,0.0,Cytoplasm,Texture,InfoMeas2,Hoechst,801
Cytoplasm_Texture_Correlation_Mitochondria_3_03_256,0.0,Cytoplasm,Texture,Correlation,Mitochondria,802
Cells_RadialDistribution_ZernikeMagnitude_Mitochondria_8_0,0.0,Cells,RadialDistribution,ZernikeMagnitude,Mitochondria,803
Nuclei_RadialDistribution_ZernikeMagnitude_Actin_3_1,0.0,Nuclei,RadialDistribution,ZernikeMagnitude,Actin,804
Cytoplasm_RadialDistribution_ZernikeMagnitude_Hoechst_5_1,0.0,Cytoplasm,RadialDistribution,ZernikeMagnitude,Hoechst,805
Nuclei_RadialDistribution_ZernikeMagnitude_ER_1_1,0.0,Nuclei,RadialDistribution,ZernikeMagnitude,ER,806
Cytoplasm_RadialDistribution_FracAtD_ER_4of4,0.0,Cytoplasm,RadialDistribution,FracAtD,ER,807
Nuclei_AreaShape_Zernike_8_2,0.0,Nuclei,AreaShape,Zernike,8,808
Nuclei_RadialDistribution_RadialCV_Mitochondria_2of4,0.0,Nuclei,RadialDistribution,RadialCV,Mitochondria,809
Cells_AreaShape_Zernike_3_1,0.0,Cells,AreaShape,Zernike,3,810
Cytoplasm_Intensity_StdIntensityEdge_PM,0.0,Cytoplasm,Intensity,StdIntensityEdge,PM,811
Nuclei_RadialDistribution_ZernikeMagnitude_PM_2_0,0.0,Nuclei,RadialDistribution,ZernikeMagnitude,PM,812
Nuclei_RadialDistribution_ZernikeMagnitude_ER_8_8,0.0,Nuclei,RadialDistribution,ZernikeMagnitude,ER,813
Nuclei_RadialDistribution_ZernikeMagnitude_Mitochondria_4_2,0.0,Nuclei,RadialDistribution,ZernikeMagnitude,Mitochondria,814
Cells_RadialDistribution_ZernikeMagnitude_ER_9_1,0.0,Cells,RadialDistribution,ZernikeMagnitude,ER,815
Cells_Texture_InfoMeas1_Actin_3_00_256,0.0,Cells,Texture,InfoMeas1,Actin,816
Nuclei_Texture_Correlation_Mitochondria_3_02_256,-4.146124186056043e-10,Nuclei,Texture,Correlation,Mitochondria,817
Cytoplasm_Texture_DifferenceEntropy_Actin_3_02_256,-0.0008344779328917298,Cytoplasm,Texture,DifferenceEntropy,Actin,818
Cells_RadialDistribution_RadialCV_Mitochondria_1of4,-0.00173419829488713,Cells,RadialDistribution,RadialCV,Mitochondria,819
Cells_Intensity_MaxIntensity_Hoechst,-0.004333271927594145,Cells,Intensity,MaxIntensity,Hoechst,820
Cytoplasm_Texture_DifferenceEntropy_Actin_3_00_256,-0.004740804600352402,Cytoplasm,Texture,DifferenceEntropy,Actin,821
Cytoplasm_Texture_Correlation_Mitochondria_3_02_256,-0.0052379828674740106,Cytoplasm,Texture,Correlation,Mitochondria,822
Cells_RadialDistribution_MeanFrac_ER_1of4,-0.005584731049341068,Cells,RadialDistribution,MeanFrac,ER,823
Nuclei_AreaShape_Zernike_6_6,-0.005705383244142906,Nuclei,AreaShape,Zernike,6,824
Nuclei_Texture_InfoMeas2_ER_3_00_256,-0.006097076067007976,Nuclei,Texture,InfoMeas2,ER,825
Nuclei_Texture_InfoMeas2_PM_3_02_256,-0.006914095894162367,Nuclei,Texture,InfoMeas2,PM,826
Nuclei_Texture_InfoMeas1_Mitochondria_3_00_256,-0.007062127236818536,Nuclei,Texture,InfoMeas1,Mitochondria,827
Nuclei_RadialDistribution_ZernikeMagnitude_Mitochondria_8_8,-0.0072305929449016796,Nuclei,RadialDistribution,ZernikeMagnitude,Mitochondria,828
Nuclei_Correlation_Correlation_Actin_PM,-0.007234433197269484,Nuclei,Correlation,Correlation,Actin,829
Cells_Intensity_IntegratedIntensityEdge_ER,-0.007842620545022024,Cells,Intensity,IntegratedIntensityEdge,ER,830
Cells_Intensity_MassDisplacement_PM,-0.00846411933525172,Cells,Intensity,MassDisplacement,PM,831
Cells_Correlation_RWC_ER_Hoechst,-0.008701237246931424,Cells,Correlation,RWC,ER,832
Nuclei_RadialDistribution_ZernikeMagnitude_Actin_8_8,-0.008900779994966343,Nuclei,RadialDistribution,ZernikeMagnitude,Actin,833
Nuclei_RadialDistribution_ZernikeMagnitude_Actin_4_0,-0.009167408299776851,Nuclei,RadialDistribution,ZernikeMagnitude,Actin,834
Nuclei_Intensity_MinIntensityEdge_Mitochondria,-0.010198406769606618,Nuclei,Intensity,MinIntensityEdge,Mitochondria,835
Cells_RadialDistribution_ZernikeMagnitude_Actin_6_4,-0.01049639393960556,Cells,RadialDistribution,ZernikeMagnitude,Actin,836
Nuclei_RadialDistribution_ZernikeMagnitude_Actin_3_3,-0.010569896281681852,Nuclei,RadialDistribution,ZernikeMagnitude,Actin,837
Nuclei_Texture_Correlation_PM_3_00_256,-0.011080962275773812,Nuclei,Texture,Correlation,PM,838
Nuclei_Texture_Correlation_Mitochondria_3_01_256,-0.011172995013884012,Nuclei,Texture,Correlation,Mitochondria,839
Cytoplasm_Texture_Contrast_Actin_3_00_256,-0.01354335437940542,Cytoplasm,Texture,Contrast,Actin,840
Nuclei_Correlation_Correlation_ER_PM,-0.013753886265205939,Nuclei,Correlation,Correlation,ER,841
Cytoplasm_RadialDistribution_RadialCV_PM_3of4,-0.014542298695498964,Cytoplasm,RadialDistribution,RadialCV,PM,842
Nuclei_RadialDistribution_RadialCV_Actin_1of4,-0.014846605850682655,Nuclei,RadialDistribution,RadialCV,Actin,843
Nuclei_Texture_InfoMeas2_PM_3_00_256,-0.015043085318615925,Nuclei,Texture,InfoMeas2,PM,844
Nuclei_Correlation_Correlation_Actin_Hoechst,-0.015458240489826686,Nuclei,Correlation,Correlation,Actin,845
Nuclei_Texture_InverseDifferenceMoment_PM_3_00_256,-0.015515286471260409,Nuclei,Texture,InverseDifferenceMoment,PM,846
Nuclei_RadialDistribution_FracAtD_Mitochondria_4of4,-0.015761169245870597,Nuclei,RadialDistribution,FracAtD,Mitochondria,847
Cells_RadialDistribution_RadialCV_ER_1of4,-0.016085127595751366,Cells,RadialDistribution,RadialCV,ER,848
Nuclei_RadialDistribution_ZernikeMagnitude_PM_8_8,-0.016580119149668626,Nuclei,RadialDistribution,ZernikeMagnitude,PM,849
Cytoplasm_Texture_SumVariance_PM_3_03_256,-0.01690039465652897,Cytoplasm,Texture,SumVariance,PM,850
Cytoplasm_AreaShape_Zernike_5_3,-0.01813917354150719,Cytoplasm,AreaShape,Zernike,5,851
Cytoplasm_Correlation_Manders_Hoechst_PM,-0.018144407551473094,Cytoplasm,Correlation,Manders,Hoechst,852
Cytoplasm_Intensity_MassDisplacement_Hoechst,-0.01827393766934292,Cytoplasm,Intensity,MassDisplacement,Hoechst,853
Cytoplasm_RadialDistribution_FracAtD_Actin_1of4,-0.018935120660001033,Cytoplasm,RadialDistribution,FracAtD,Actin,854
Cytoplasm_Texture_Correlation_ER_3_02_256,-0.0193258315760956,Cytoplasm,Texture,Correlation,ER,855
Cytoplasm_RadialDistribution_ZernikeMagnitude_Mitochondria_4_2,-0.020034188820235128,Cytoplasm,RadialDistribution,ZernikeMagnitude,Mitochondria,856
Cells_AreaShape_Zernike_2_2,-0.023251955925097146,Cells,AreaShape,Zernike,2,857
Cytoplasm_Texture_Contrast_Mitochondria_3_03_256,-0.025013837048196732,Cytoplasm,Texture,Contrast,Mitochondria,858
Nuclei_Intensity_StdIntensityEdge_PM,-0.025134868094565034,Nuclei,Intensity,StdIntensityEdge,PM,859
Cytoplasm_Texture_Contrast_Mitochondria_3_01_256,-0.025999987731688403,Cytoplasm,Texture,Contrast,Mitochondria,860
Cells_RadialDistribution_ZernikeMagnitude_Actin_8_6,-0.02618013075733961,Cells,RadialDistribution,ZernikeMagnitude,Actin,861
Cytoplasm_RadialDistribution_ZernikeMagnitude_Mitochondria_5_1,-0.02722221827138456,Cytoplasm,RadialDistribution,ZernikeMagnitude,Mitochondria,862
Cells_Correlation_RWC_Mitochondria_PM,-0.0272535764323858,Cells,Correlation,RWC,Mitochondria,863
Nuclei_Intensity_MassDisplacement_Actin,-0.028019521379021462,Nuclei,Intensity,MassDisplacement,Actin,864
Nuclei_RadialDistribution_ZernikeMagnitude_Mitochondria_8_2,-0.02818068514051195,Nuclei,RadialDistribution,ZernikeMagnitude,Mitochondria,865
Cells_Correlation_RWC_Mitochondria_ER,-0.02880797366722107,Cells,Correlation,RWC,Mitochondria,866
Nuclei_RadialDistribution_RadialCV_ER_1of4,-0.030525255213256223,Nuclei,RadialDistribution,RadialCV,ER,867
Nuclei_Intensity_IntegratedIntensity_Mitochondria,-0.03056946273659391,Nuclei,Intensity,IntegratedIntensity,Mitochondria,868
Nuclei_RadialDistribution_ZernikeMagnitude_Mitochondria_9_9,-0.030656041700906488,Nuclei,RadialDistribution,ZernikeMagnitude,Mitochondria,869
Nuclei_Intensity_StdIntensityEdge_Hoechst,-0.030700769362898186,Nuclei,Intensity,StdIntensityEdge,Hoechst,870
Nuclei_RadialDistribution_RadialCV_Actin_2of4,-0.03294824032302107,Nuclei,RadialDistribution,RadialCV,Actin,871
Cells_RadialDistribution_RadialCV_Actin_3of4,-0.03348229549093947,Cells,RadialDistribution,RadialCV,Actin,872
Cytoplasm_RadialDistribution_RadialCV_Actin_2of4,-0.03382260468896138,Cytoplasm,RadialDistribution,RadialCV,Actin,873
Nuclei_RadialDistribution_ZernikeMagnitude_ER_6_6,-0.03394342265109759,Nuclei,RadialDistribution,ZernikeMagnitude,ER,874
Cytoplasm_RadialDistribution_ZernikeMagnitude_Hoechst_7_1,-0.03404349985965788,Cytoplasm,RadialDistribution,ZernikeMagnitude,Hoechst,875
Cytoplasm_Texture_DifferenceEntropy_ER_3_02_256,-0.03442446564938263,Cytoplasm,Texture,DifferenceEntropy,ER,876
Cells_Intensity_MADIntensity_Hoechst,-0.0348126716919288,Cells,Intensity,MADIntensity,Hoechst,877
Cytoplasm_Correlation_Correlation_Hoechst_Mitochondria,-0.03566885976714793,Cytoplasm,Correlation,Correlation,Hoechst,878
Nuclei_AreaShape_Zernike_8_4,-0.035850600484818064,Nuclei,AreaShape,Zernike,8,879
Cytoplasm_RadialDistribution_MeanFrac_PM_4of4,-0.036194781003308744,Cytoplasm,RadialDistribution,MeanFrac,PM,880
Nuclei_RadialDistribution_ZernikeMagnitude_Actin_6_0,-0.036240400932620924,Nuclei,RadialDistribution,ZernikeMagnitude,Actin,881
Nuclei_RadialDistribution_ZernikeMagnitude_Actin_1_1,-0.03666030619464925,Nuclei,RadialDistribution,ZernikeMagnitude,Actin,882
Nuclei_RadialDistribution_ZernikeMagnitude_Hoechst_6_2,-0.03751978237193979,Nuclei,RadialDistribution,ZernikeMagnitude,Hoechst,883
Cytoplasm_Texture_DifferenceEntropy_PM_3_00_256,-0.03772967265946086,Cytoplasm,Texture,DifferenceEntropy,PM,884
Cells_RadialDistribution_ZernikeMagnitude_Mitochondria_8_2,-0.03863737916987417,Cells,RadialDistribution,ZernikeMagnitude,Mitochondria,885
Cytoplasm_RadialDistribution_ZernikeMagnitude_Mitochondria_6_0,-0.038677064631365596,Cytoplasm,RadialDistribution,ZernikeMagnitude,Mitochondria,886
Cells_RadialDistribution_ZernikeMagnitude_Actin_7_3,-0.038889546000528706,Cells,RadialDistribution,ZernikeMagnitude,Actin,887
Nuclei_Intensity_IntegratedIntensityEdge_Mitochondria,-0.039547687261930975,Nuclei,Intensity,IntegratedIntensityEdge,Mitochondria,888
Cells_RadialDistribution_ZernikeMagnitude_PM_5_1,-0.041134252296855,Cells,RadialDistribution,ZernikeMagnitude,PM,889
Cytoplasm_Texture_Contrast_Actin_3_01_256,-0.041459706667426176,Cytoplasm,Texture,Contrast,Actin,890
Cells_Correlation_Correlation_Hoechst_Mitochondria,-0.042864461932800364,Cells,Correlation,Correlation,Hoechst,891
Nuclei_Texture_InfoMeas2_PM_3_01_256,-0.043713611099373544,Nuclei,Texture,InfoMeas2,PM,892
Nuclei_RadialDistribution_ZernikeMagnitude_Mitochondria_6_4,-0.04371699557652863,Nuclei,RadialDistribution,ZernikeMagnitude,Mitochondria,893
Nuclei_Correlation_RWC_Actin_Mitochondria,-0.043728417925923885,Nuclei,Correlation,RWC,Actin,894
Cells_RadialDistribution_ZernikeMagnitude_Hoechst_4_0,-0.04387251689603635,Cells,RadialDistribution,ZernikeMagnitude,Hoechst,895
Nuclei_RadialDistribution_ZernikeMagnitude_Mitochondria_7_1,-0.04407751196387052,Nuclei,RadialDistribution,ZernikeMagnitude,Mitochondria,896
Cytoplasm_RadialDistribution_ZernikeMagnitude_ER_5_3,-0.044377457753544944,Cytoplasm,RadialDistribution,ZernikeMagnitude,ER,897
Nuclei_Correlation_Correlation_Actin_Mitochondria,-0.04541569536878349,Nuclei,Correlation,Correlation,Actin,898
Cytoplasm_Texture_AngularSecondMoment_Mitochondria_3_03_256,-0.048193469230077605,Cytoplasm,Texture,AngularSecondMoment,Mitochondria,899
Cytoplasm_AreaShape_Zernike_5_1,-0.04981892736451256,Cytoplasm,AreaShape,Zernike,5,900
Nuclei_RadialDistribution_ZernikeMagnitude_Actin_4_2,-0.05073553441158161,Nuclei,RadialDistribution,ZernikeMagnitude,Actin,901
Nuclei_RadialDistribution_RadialCV_Hoechst_4of4,-0.05081203443584147,Nuclei,RadialDistribution,RadialCV,Hoechst,902
Cells_RadialDistribution_RadialCV_ER_2of4,-0.052456851182116446,Cells,RadialDistribution,RadialCV,ER,903
Cytoplasm_Intensity_MaxIntensityEdge_Mitochondria,-0.0554909264829262,Cytoplasm,Intensity,MaxIntensityEdge,Mitochondria,904
Cells_RadialDistribution_ZernikeMagnitude_Actin_9_3,-0.05567749047840576,Cells,RadialDistribution,ZernikeMagnitude,Actin,905
Cytoplasm_RadialDistribution_ZernikeMagnitude_PM_6_4,-0.05568843701756843,Cytoplasm,RadialDistribution,ZernikeMagnitude,PM,906
Cytoplasm_RadialDistribution_FracAtD_Hoechst_3of4,-0.05737396851115051,Cytoplasm,RadialDistribution,FracAtD,Hoechst,907
Nuclei_Intensity_IntegratedIntensity_Hoechst,-0.057564875329567756,Nuclei,Intensity,IntegratedIntensity,Hoechst,908
Cells_RadialDistribution_ZernikeMagnitude_Actin_6_0,-0.05839058276768803,Cells,RadialDistribution,ZernikeMagnitude,Actin,909
Cells_Texture_Correlation_PM_3_01_256,-0.060312850346115485,Cells,Texture,Correlation,PM,910
Cells_RadialDistribution_MeanFrac_Mitochondria_2of4,-0.06095088417109328,Cells,RadialDistribution,MeanFrac,Mitochondria,911
Nuclei_RadialDistribution_ZernikeMagnitude_Actin_5_1,-0.06147651180023514,Nuclei,RadialDistribution,ZernikeMagnitude,Actin,912
Nuclei_RadialDistribution_ZernikeMagnitude_Mitochondria_6_6,-0.0627631606947334,Nuclei,RadialDistribution,ZernikeMagnitude,Mitochondria,913
Cytoplasm_RadialDistribution_ZernikeMagnitude_Actin_4_0,-0.06321054796081148,Cytoplasm,RadialDistribution,ZernikeMagnitude,Actin,914
Nuclei_RadialDistribution_FracAtD_PM_1of4,-0.06416528838580941,Nuclei,RadialDistribution,FracAtD,PM,915
Cells_RadialDistribution_ZernikeMagnitude_Actin_9_5,-0.06454584149925156,Cells,RadialDistribution,ZernikeMagnitude,Actin,916
Cytoplasm_RadialDistribution_FracAtD_Actin_2of4,-0.06486881230052502,Cytoplasm,RadialDistribution,FracAtD,Actin,917
Cytoplasm_Correlation_Correlation_ER_Mitochondria,-0.06519609873834449,Cytoplasm,Correlation,Correlation,ER,918
Cells_RadialDistribution_MeanFrac_Actin_4of4,-0.06569625037575685,Cells,RadialDistribution,MeanFrac,Actin,919
Cytoplasm_AreaShape_Zernike_8_0,-0.06581487949680348,Cytoplasm,AreaShape,Zernike,8,920
Cytoplasm_Intensity_UpperQuartileIntensity_ER,-0.0666136140456128,Cytoplasm,Intensity,UpperQuartileIntensity,ER,921
Cytoplasm_Correlation_K_ER_Mitochondria,-0.0666775007953193,Cytoplasm,Correlation,K,ER,922
Cells_AreaShape_Zernike_6_6,-0.06832634665319948,Cells,AreaShape,Zernike,6,923
Nuclei_Texture_Correlation_ER_3_02_256,-0.06840536729766818,Nuclei,Texture,Correlation,ER,924
Nuclei_RadialDistribution_ZernikeMagnitude_Actin_6_4,-0.0695636312537462,Nuclei,RadialDistribution,ZernikeMagnitude,Actin,925
Cells_RadialDistribution_ZernikeMagnitude_Actin_3_3,-0.07080877389946684,Cells,RadialDistribution,ZernikeMagnitude,Actin,926
Cytoplasm_Texture_Contrast_Mitochondria_3_02_256,-0.07217294053329998,Cytoplasm,Texture,Contrast,Mitochondria,927
Nuclei_AreaShape_Zernike_1_1,-0.07221967014632381,Nuclei,AreaShape,Zernike,1,928
Cytoplasm_RadialDistribution_ZernikeMagnitude_Mitochondria_3_1,-0.07313645041184942,Cytoplasm,RadialDistribution,ZernikeMagnitude,Mitochondria,929
Cells_Neighbors_SecondClosestDistance_Adjacent,-0.07369596142281144,Cells,Neighbors,SecondClosestDistance,Adjacent,930
Nuclei_RadialDistribution_ZernikeMagnitude_ER_5_5,-0.07682439128898132,Nuclei,RadialDistribution,ZernikeMagnitude,ER,931
Cytoplasm_Texture_InfoMeas1_PM_3_01_256,-0.07819768318361225,Cytoplasm,Texture,InfoMeas1,PM,932
Nuclei_RadialDistribution_ZernikeMagnitude_Actin_9_5,-0.08253702516475107,Nuclei,RadialDistribution,ZernikeMagnitude,Actin,933
Cells_Texture_Correlation_Actin_3_02_256,-0.08345847197308037,Cells,Texture,Correlation,Actin,934
Cells_RadialDistribution_ZernikeMagnitude_PM_8_0,-0.0842956532094456,Cells,RadialDistribution,ZernikeMagnitude,PM,935
Cytoplasm_RadialDistribution_ZernikeMagnitude_ER_4_2,-0.08446512148398383,Cytoplasm,RadialDistribution,ZernikeMagnitude,ER,936
Cytoplasm_RadialDistribution_ZernikeMagnitude_ER_7_5,-0.08490663572909883,Cytoplasm,RadialDistribution,ZernikeMagnitude,ER,937
Nuclei_AreaShape_MajorAxisLength,-0.08491262632045714,Nuclei,AreaShape,MajorAxisLength,,938
Cells_AreaShape_Zernike_9_3,-0.08610191634142207,Cells,AreaShape,Zernike,9,939
Cytoplasm_RadialDistribution_ZernikeMagnitude_Mitochondria_8_2,-0.0882832761490007,Cytoplasm,RadialDistribution,ZernikeMagnitude,Mitochondria,940
Cytoplasm_Correlation_RWC_Mitochondria_Hoechst,-0.0896257851283608,Cytoplasm,Correlation,RWC,Mitochondria,941
Cytoplasm_Correlation_Manders_PM_ER,-0.08981241844377896,Cytoplasm,Correlation,Manders,PM,942
Nuclei_RadialDistribution_ZernikeMagnitude_Mitochondria_7_7,-0.09293068022233611,Nuclei,RadialDistribution,ZernikeMagnitude,Mitochondria,943
Nuclei_AreaShape_Zernike_3_1,-0.09396049813954853,Nuclei,AreaShape,Zernike,3,944
Cytoplasm_Texture_SumAverage_ER_3_03_256,-0.09419527378553331,Cytoplasm,Texture,SumAverage,ER,945
Cytoplasm_Granularity_2_PM,-0.09844193871004718,Cytoplasm,Granularity,2,PM,946
Cells_RadialDistribution_ZernikeMagnitude_PM_7_1,-0.0996746877853915,Cells,RadialDistribution,ZernikeMagnitude,PM,947
Cytoplasm_Texture_Contrast_Mitochondria_3_00_256,-0.10079572782784876,Cytoplasm,Texture,Contrast,Mitochondria,948
Nuclei_Texture_Correlation_ER_3_03_256,-0.10186096888301835,Nuclei,Texture,Correlation,ER,949
Cytoplasm_RadialDistribution_ZernikeMagnitude_Mitochondria_8_0,-0.10202081991419854,Cytoplasm,RadialDistribution,ZernikeMagnitude,Mitochondria,950
Cytoplasm_Texture_AngularSecondMoment_Hoechst_3_02_256,-0.10329917246152749,Cytoplasm,Texture,AngularSecondMoment,Hoechst,951
Cells_RadialDistribution_ZernikeMagnitude_Actin_8_2,-0.1033710543678721,Cells,RadialDistribution,ZernikeMagnitude,Actin,952
Cells_AreaShape_Zernike_1_1,-0.1047607443224324,Cells,AreaShape,Zernike,1,953
Cytoplasm_RadialDistribution_RadialCV_PM_2of4,-0.10760707372264575,Cytoplasm,RadialDistribution,RadialCV,PM,954
Cells_AreaShape_Zernike_0_0,-0.11367912490336135,Cells,AreaShape,Zernike,0,955
Cells_Texture_Correlation_Actin_3_03_256,-0.11447012979842666,Cells,Texture,Correlation,Actin,956
Cells_Intensity_IntegratedIntensityEdge_PM,-0.12284899761156046,Cells,Intensity,IntegratedIntensityEdge,PM,957
Nuclei_Correlation_Overlap_Actin_Mitochondria,-0.12544826799066247,Nuclei,Correlation,Overlap,Actin,958
Cytoplasm_Texture_Contrast_Actin_3_03_256,-0.12560071969958447,Cytoplasm,Texture,Contrast,Actin,959
Cytoplasm_Texture_DifferenceVariance_Mitochondria_3_00_256,-0.1263051432618553,Cytoplasm,Texture,DifferenceVariance,Mitochondria,960
Cells_Intensity_IntegratedIntensityEdge_Hoechst,-0.1286744395840426,Cells,Intensity,IntegratedIntensityEdge,Hoechst,961
Cells_RadialDistribution_ZernikeMagnitude_Actin_5_3,-0.1303611168145107,Cells,RadialDistribution,ZernikeMagnitude,Actin,962
Nuclei_Correlation_K_Hoechst_Actin,-0.1305151714376841,Nuclei,Correlation,K,Hoechst,963
Cells_RadialDistribution_ZernikeMagnitude_Actin_4_4,-0.13624448724041457,Cells,RadialDistribution,ZernikeMagnitude,Actin,964
Cells_RadialDistribution_ZernikeMagnitude_Hoechst_7_1,-0.14164235805289951,Cells,RadialDistribution,ZernikeMagnitude,Hoechst,965
Cells_RadialDistribution_ZernikeMagnitude_Actin_8_8,-0.14559433799487762,Cells,RadialDistribution,ZernikeMagnitude,Actin,966
Nuclei_Correlation_K_ER_Actin,-0.14956584636315587,Nuclei,Correlation,K,ER,967
Nuclei_RadialDistribution_MeanFrac_Hoechst_3of4,-0.15132118887801235,Nuclei,RadialDistribution,MeanFrac,Hoechst,968
Nuclei_RadialDistribution_RadialCV_Hoechst_2of4,-0.1625571896261684,Nuclei,RadialDistribution,RadialCV,Hoechst,969
Cells_RadialDistribution_FracAtD_Mitochondria_3of4,-0.16728699572046893,Cells,RadialDistribution,FracAtD,Mitochondria,970
Cells_RadialDistribution_RadialCV_PM_4of4,-0.1764246807147982,Cells,RadialDistribution,RadialCV,PM,971
Cytoplasm_Texture_InfoMeas1_PM_3_00_256,-0.1880059742439189,Cytoplasm,Texture,InfoMeas1,PM,972
Cells_RadialDistribution_RadialCV_Actin_2of4,-0.19070220557576323,Cells,RadialDistribution,RadialCV,Actin,973
Nuclei_Texture_AngularSecondMoment_Mitochondria_3_03_256,-0.1951476290956117,Nuclei,Texture,AngularSecondMoment,Mitochondria,974
Nuclei_Correlation_RWC_Actin_PM,-0.2108516664673048,Nuclei,Correlation,RWC,Actin,975
Nuclei_Texture_Correlation_ER_3_00_256,-0.21305045017805915,Nuclei,Texture,Correlation,ER,976
Cells_RadialDistribution_MeanFrac_Hoechst_4of4,-0.23346051640754623,Cells,RadialDistribution,MeanFrac,Hoechst,977
Cytoplasm_Texture_InfoMeas1_PM_3_02_256,-0.23717358574501363,Cytoplasm,Texture,InfoMeas1,PM,978
Cells_Intensity_MeanIntensityEdge_Hoechst,-0.24743328035407483,Cells,Intensity,MeanIntensityEdge,Hoechst,979
Nuclei_Granularity_1_Actin,-0.27039757273036424,Nuclei,Granularity,1,Actin,980
Cytoplasm_Intensity_MinIntensityEdge_Actin,-0.3322230809765355,Cytoplasm,Intensity,MinIntensityEdge,Actin,981
Cells_Intensity_MaxIntensity_Actin,-0.33551894811169813,Cells,Intensity,MaxIntensity,Actin,982
Nuclei_Texture_DifferenceVariance_Mitochondria_3_02_256,-0.36973863852802563,Nuclei,Texture,DifferenceVariance,Mitochondria,983
Cytoplasm_Intensity_LowerQuartileIntensity_Actin,-0.377554146993396,Cytoplasm,Intensity,LowerQuartileIntensity,Actin,984
Cells_Intensity_IntegratedIntensityEdge_Actin,-0.5337755990486375,Cells,Intensity,IntegratedIntensityEdge,Actin,985
Cytoplasm_Intensity_IntegratedIntensity_Actin,-0.6003048316292887,Cytoplasm,Intensity,IntegratedIntensity,Actin,986
